Dataset,Classifier,-A,-B,-C,-D,-E,-F,-G,-H,-I,-J,-K,-L,-M,-N,-O,-P,-Q,-R,-S,-T,-U,-W,-V,-X,-Y,-Z,-doNotMakeSplitPointActualValue,-depth,-batch-size,Train accuracy,Train recall,Train precision,Train f1_score,Train time,Test accuracy,Test recall,Test precision,Test f1_score,Test time
Datasets_all/AP_Breast_Prostate.csv,Weka. J48,True,False,,,,,,,,True,,False,15,,False,,1,,True,,,,,,,,,,,0.996969696969697,0.996969696969697,0.996969696969697,0.996969696969697,1.43752407100004,0.987951807228916,0.987951807228916,0.987951807228916,0.987951807228916,0.006146915999977
Datasets_all/AP_Breast_Prostate.csv,Weka. J48,False,True,,,,,,,,True,,True,5,,True,,1,,False,,,,,,,,,,,0.996969696969697,0.996969696969697,0.996969696969697,0.996969696969697,1.25996399399997,0.987951807228916,0.987951807228916,0.987951807228916,0.987951807228916,0.001939163999964
Datasets_all/AP_Breast_Prostate.csv,Weka. J48,False,True,,,,,,,,True,,True,5,,False,,1,,True,,,,,,,,,,,0.996969696969697,0.996969696969697,0.996969696969697,0.996969696969697,1.09485137600001,0.987951807228916,0.987951807228916,0.987951807228916,0.987951807228916,0.001954972000021
Datasets_all/AP_Breast_Prostate.csv,Weka. J48,False,True,,,,,,,,True,,True,30,,True,,1,,True,,,,,,,,,,,0.996969696969697,0.996969696969697,0.996969696969697,0.996969696969697,0.976741047999951,0.987951807228916,0.987951807228916,0.987951807228916,0.987951807228916,0.002013906000002
Datasets_all/AP_Breast_Prostate.csv,Weka. J48,False,False,,,,,,,,True,,False,8,,True,,1,,False,,,,,,,,,,,0.996969696969697,0.996969696969697,0.996969696969697,0.996969696969697,1.02470153199999,0.987951807228916,0.987951807228916,0.987951807228916,0.987951807228916,0.003110363000019
Datasets_all/AP_Breast_Prostate.csv,Weka. J48,True,True,,,,,,,,True,,False,15,,True,,1,,False,,,,,,,,,,,0.996969696969697,0.996969696969697,0.996969696969697,0.996969696969697,1.02947408900002,0.987951807228916,0.987951807228916,0.987951807228916,0.987951807228916,0.003651556999955
Datasets_all/AP_Breast_Prostate.csv,Weka. J48,False,True,,,,,,,,False,,True,30,,True,,1,,False,,,,,,,,,,,0.996969696969697,0.996969696969697,0.996969696969697,0.996969696969697,1.119752162,0.987951807228916,0.987951807228916,0.987951807228916,0.987951807228916,0.003503327000033
Datasets_all/AP_Breast_Prostate.csv,Weka. J48,True,True,,,,,,,,True,,True,30,,False,,1,,True,,,,,,,,,,,0.996969696969697,0.996969696969697,0.996969696969697,0.996969696969697,1.01284173399995,0.987951807228916,0.987951807228916,0.987951807228916,0.987951807228916,0.003270509000004
Datasets_all/AP_Breast_Prostate.csv,Weka. J48,False,True,,,,,,,,False,,False,15,,True,,1,,False,,,,,,,,,,,0.996969696969697,0.996969696969697,0.996969696969697,0.996969696969697,1.14794418899999,0.987951807228916,0.987951807228916,0.987951807228916,0.987951807228916,0.007356645000016
Datasets_all/AP_Breast_Prostate.csv,Weka. J48,False,True,,,,,,,,False,,True,12,,False,,1,,False,,,,,,,,,,,0.996969696969697,0.996969696969697,0.996969696969697,0.996969696969697,1.11413929100002,0.987951807228916,0.987951807228916,0.987951807228916,0.987951807228916,0.005919827000014
Datasets_all/AP_Breast_Prostate.csv,Weka. J48,True,True,,,,,,,,False,,False,20,,True,,1,,False,,,,,,,,,,,0.996969696969697,0.996969696969697,0.996969696969697,0.996969696969697,1.03400815899994,0.987951807228916,0.987951807228916,0.987951807228916,0.987951807228916,0.002168423000001
Datasets_all/AP_Breast_Prostate.csv,Weka. J48,False,True,,,,,,,,False,,True,1,,False,,1,,False,,,,,,,,,,,0.996969696969697,0.996969696969697,0.996969696969697,0.996969696969697,1.04235520099996,0.987951807228916,0.987951807228916,0.987951807228916,0.987951807228916,0.00194484299999
Datasets_all/AP_Breast_Prostate.csv,Weka. J48,True,False,,,,,,,,True,,False,15,,True,,1,,True,,,,,,,,,,,0.996969696969697,0.996969696969697,0.996969696969697,0.996969696969697,1.00354856300004,0.987951807228916,0.987951807228916,0.987951807228916,0.987951807228916,0.001992105999989
Datasets_all/AP_Breast_Prostate.csv,Weka. J48,False,False,,,,,,,,False,,True,20,,True,,1,,True,,,,,,,,,,,0.996969696969697,0.996969696969697,0.996969696969697,0.996969696969697,1.13117206500004,0.987951807228916,0.987951807228916,0.987951807228916,0.987951807228916,0.001652567999997
Datasets_all/AP_Breast_Prostate.csv,Weka. J48,False,False,,,,,,,,False,,False,8,,False,,1,,True,,,,,,,,,,,0.996969696969697,0.996969696969697,0.996969696969697,0.996969696969697,0.919421940000063,0.987951807228916,0.987951807228916,0.987951807228916,0.987951807228916,0.00151454500002
Datasets_all/AP_Breast_Prostate.csv,Weka. J48,False,False,,,,,,,,False,,False,30,,True,,1,,True,,,,,,,,,,,0.996969696969697,0.996969696969697,0.996969696969697,0.996969696969697,0.87432353600002,0.987951807228916,0.987951807228916,0.987951807228916,0.987951807228916,0.001525710999999
Datasets_all/AP_Breast_Prostate.csv,Weka. J48,True,False,,,,,,,,True,,False,20,,True,,1,,True,,,,,,,,,,,0.996969696969697,0.996969696969697,0.996969696969697,0.996969696969697,0.911517032000063,0.987951807228916,0.987951807228916,0.987951807228916,0.987951807228916,0.001510889999963
Datasets_all/AP_Breast_Prostate.csv,Weka. J48,False,False,,,,,,,,True,,False,8,,False,,1,,False,,,,,,,,,,,0.996969696969697,0.996969696969697,0.996969696969697,0.996969696969697,0.919619436999994,0.987951807228916,0.987951807228916,0.987951807228916,0.987951807228916,0.001566469000011
Datasets_all/AP_Breast_Prostate.csv,Weka. J48,True,True,,,,,,,,False,,True,5,,True,,1,,True,,,,,,,,,,,0.996969696969697,0.996969696969697,0.996969696969697,0.996969696969697,1.04149230299998,0.987951807228916,0.987951807228916,0.987951807228916,0.987951807228916,0.001532208000015
Datasets_all/AP_Breast_Prostate.csv,Weka. J48,False,True,,,,,,,,True,,True,20,,False,,1,,True,,,,,,,,,,,0.996969696969697,0.996969696969697,0.996969696969697,0.996969696969697,1.06294544799999,0.987951807228916,0.987951807228916,0.987951807228916,0.987951807228916,0.001580281999964
Datasets_all/AP_Breast_Prostate.csv,Weka. J48,False,False,,,,,,,,True,,False,12,,False,,1,,True,,,,,,,,,,,0.996969696969697,0.996969696969697,0.996969696969697,0.996969696969697,1.05491286099999,0.987951807228916,0.987951807228916,0.987951807228916,0.987951807228916,0.004919368999992
Datasets_all/AP_Breast_Prostate.csv,Weka. J48,True,True,,,,,,,,True,,True,20,,True,,1,,False,,,,,,,,,,,0.996969696969697,0.996969696969697,0.996969696969697,0.996969696969697,1.12061271500005,0.987951807228916,0.987951807228916,0.987951807228916,0.987951807228916,0.004882763000012
Datasets_all/AP_Breast_Prostate.csv,Weka. J48,True,False,,,,,,,,True,,True,30,,False,,1,,True,,,,,,,,,,,0.996969696969697,0.996969696969697,0.996969696969697,0.996969696969697,1.09717461700001,0.987951807228916,0.987951807228916,0.987951807228916,0.987951807228916,0.004859132000036
Datasets_all/AP_Breast_Prostate.csv,Weka. J48,True,False,,,,,,,,False,,False,12,,True,,1,,True,,,,,,,,,,,0.996969696969697,0.996969696969697,0.996969696969697,0.996969696969697,1.08574264899994,0.987951807228916,0.987951807228916,0.987951807228916,0.987951807228916,0.004859677000013
Datasets_all/AP_Breast_Prostate.csv,Weka. J48,True,True,,,,,,,,True,,False,5,,False,,1,,True,,,,,,,,,,,0.996969696969697,0.996969696969697,0.996969696969697,0.996969696969697,1.00690930399998,0.987951807228916,0.987951807228916,0.987951807228916,0.987951807228916,0.001542520999976
Datasets_all/AP_Breast_Prostate.csv,Weka. AdaBoostM1,,,,,,,,,81,,,,,,,87,False,,0,,,,,,,,,,,1,1,1,1,8.11833410499997,0.987951807228916,0.987951807228916,0.987951807228916,0.987951807228916,0.005865451999966
Datasets_all/AP_Breast_Prostate.csv,Weka. AdaBoostM1,,,,,,,,,167,,,,,,,21,True,,0,,,,,,,,,,,0.993939393939394,0.993939393939394,0.993939393939394,0.993939393939394,0.581363777999968,0.987951807228916,0.987951807228916,0.987951807228916,0.987951807228916,0.005478382000035
Datasets_all/AP_Breast_Prostate.csv,Weka. AdaBoostM1,,,,,,,,,197,,,,,,,67,False,,0,,,,,,,,,,,1,1,1,1,10.059604513,0.987951807228916,0.987951807228916,0.987951807228916,0.987951807228916,0.001918161999981
Datasets_all/AP_Breast_Prostate.csv,Weka. AdaBoostM1,,,,,,,,,72,,,,,,,21,False,,0,,,,,,,,,,,0.996969696969697,0.996969696969697,0.996969696969697,0.996969696969697,0.600703986999918,0.987951807228916,0.987951807228916,0.987951807228916,0.987951807228916,0.001608793999992
Datasets_all/AP_Breast_Prostate.csv,Weka. AdaBoostM1,,,,,,,,,192,,,,,,,21,True,,0,,,,,,,,,,,0.993939393939394,0.993939393939394,0.993939393939394,0.993939393939394,0.49362161900001,0.987951807228916,0.987951807228916,0.987951807228916,0.987951807228916,0.001535292000028
Datasets_all/AP_Breast_Prostate.csv,Weka. AdaBoostM1,,,,,,,,,79,,,,,,,36,True,,0,,,,,,,,,,,0.993939393939394,0.993939393939394,0.993939393939394,0.993939393939394,0.457882536999989,0.987951807228916,0.987951807228916,0.987951807228916,0.987951807228916,0.001526135999995
Datasets_all/AP_Breast_Prostate.csv,Weka. AdaBoostM1,,,,,,,,,81,,,,,,,21,False,,0,,,,,,,,,,,0.996969696969697,0.996969696969697,0.996969696969697,0.996969696969697,0.55535641299997,0.987951807228916,0.987951807228916,0.987951807228916,0.987951807228916,0.001610518000007
Datasets_all/AP_Breast_Prostate.csv,Weka. AdaBoostM1,,,,,,,,,9,,,,,,,9,False,,0,,,,,,,,,,,0.996969696969697,0.996969696969697,0.996969696969697,0.996969696969697,0.606154554999989,0.987951807228916,0.987951807228916,0.987951807228916,0.987951807228916,0.001618902000018
Datasets_all/AP_Breast_Prostate.csv,Weka. AdaBoostM1,,,,,,,,,177,,,,,,,65,True,,0,,,,,,,,,,,1,1,1,1,4.13432431999996,0.975903614457831,0.975903614457831,0.975903614457831,0.975903614457831,0.002680140999985
Datasets_all/AP_Breast_Prostate.csv,Weka. AdaBoostM1,,,,,,,,,115,,,,,,,44,False,,0,,,,,,,,,,,0.996969696969697,0.996969696969697,0.996969696969697,0.996969696969697,1.59102576099997,0.987951807228916,0.987951807228916,0.987951807228916,0.987951807228916,0.002948053000011
Datasets_all/AP_Breast_Prostate.csv,Weka. AdaBoostM1,,,,,,,,,29,,,,,,,9,False,,0,,,,,,,,,,,0.996969696969697,0.996969696969697,0.996969696969697,0.996969696969697,0.583073669000044,0.987951807228916,0.987951807228916,0.987951807228916,0.987951807228916,0.002836580000007
Datasets_all/AP_Breast_Prostate.csv,Weka. AdaBoostM1,,,,,,,,,192,,,,,,,64,False,,0,,,,,,,,,,,1,1,1,1,10.007622476,0.987951807228916,0.987951807228916,0.987951807228916,0.987951807228916,0.00244453900001
Datasets_all/AP_Breast_Prostate.csv,Weka. AdaBoostM1,,,,,,,,,142,,,,,,,64,True,,0,,,,,,,,,,,1,1,1,1,3.152126082,0.975903614457831,0.975903614457831,0.975903614457831,0.975903614457831,0.001699927000004
Datasets_all/AP_Breast_Prostate.csv,Weka. AdaBoostM1,,,,,,,,,175,,,,,,,21,False,,0,,,,,,,,,,,0.996969696969697,0.996969696969697,0.996969696969697,0.996969696969697,0.571312817999967,0.987951807228916,0.987951807228916,0.987951807228916,0.987951807228916,0.001630827999975
Datasets_all/AP_Breast_Prostate.csv,Weka. AdaBoostM1,,,,,,,,,9,,,,,,,46,False,,0,,,,,,,,,,,0.996969696969697,0.996969696969697,0.996969696969697,0.996969696969697,1.582778378,0.987951807228916,0.987951807228916,0.987951807228916,0.987951807228916,0.001587871999959
Datasets_all/AP_Breast_Prostate.csv,Weka. AdaBoostM1,,,,,,,,,175,,,,,,,46,False,,0,,,,,,,,,,,0.996969696969697,0.996969696969697,0.996969696969697,0.996969696969697,1.70472213700003,0.987951807228916,0.987951807228916,0.987951807228916,0.987951807228916,0.001553215999991
Datasets_all/AP_Breast_Prostate.csv,Weka. AdaBoostM1,,,,,,,,,81,,,,,,,47,False,,0,,,,,,,,,,,0.996969696969697,0.996969696969697,0.996969696969697,0.996969696969697,1.70682457100003,0.987951807228916,0.987951807228916,0.987951807228916,0.987951807228916,0.001636909000013
Datasets_all/AP_Breast_Prostate.csv,Weka. AdaBoostM1,,,,,,,,,25,,,,,,,88,False,,0,,,,,,,,,,,1,1,1,1,6.58677774799997,0.987951807228916,0.987951807228916,0.987951807228916,0.987951807228916,0.001580160000003
Datasets_all/AP_Breast_Prostate.csv,Weka. AdaBoostM1,,,,,,,,,147,,,,,,,58,False,,0,,,,,,,,,,,1,1,1,1,8.50689456100002,0.987951807228916,0.987951807228916,0.987951807228916,0.987951807228916,0.001818604999983
Datasets_all/AP_Breast_Prostate.csv,Weka. AdaBoostM1,,,,,,,,,177,,,,,,,70,False,,0,,,,,,,,,,,1,1,1,1,9.58499017899999,0.987951807228916,0.987951807228916,0.987951807228916,0.987951807228916,0.001823586
Datasets_all/AP_Breast_Prostate.csv,Weka. AdaBoostM1,,,,,,,,,142,,,,,,,21,True,,0,,,,,,,,,,,0.993939393939394,0.993939393939394,0.993939393939394,0.993939393939394,0.458553672999983,0.987951807228916,0.987951807228916,0.987951807228916,0.987951807228916,0.001545292999992
Datasets_all/AP_Breast_Prostate.csv,Weka. AdaBoostM1,,,,,,,,,79,,,,,,,70,True,,0,,,,,,,,,,,1,1,1,1,3.01360860900002,0.975903614457831,0.975903614457831,0.975903614457831,0.975903614457831,0.001761568999996
Datasets_all/AP_Breast_Prostate.csv,Weka. AdaBoostM1,,,,,,,,,167,,,,,,,70,True,,0,,,,,,,,,,,1,1,1,1,4.83807603999998,0.975903614457831,0.975903614457831,0.975903614457831,0.975903614457831,0.001882497999986
Datasets_all/AP_Breast_Prostate.csv,Weka. AdaBoostM1,,,,,,,,,82,,,,,,,64,False,,0,,,,,,,,,,,1,1,1,1,6.183607344,0.987951807228916,0.987951807228916,0.987951807228916,0.987951807228916,0.001740000999973
Datasets_all/AP_Breast_Prostate.csv,Weka. AdaBoostM1,,,,,,,,,177,,,,,,,64,True,,0,,,,,,,,,,,1,1,1,1,3.20570650100001,0.975903614457831,0.975903614457831,0.975903614457831,0.975903614457831,0.001722278999978
Datasets_all/AP_Breast_Prostate.csv,Weka. LogisticRegression,,,,,,,,,,,,,9,,,,,,,,,,,,,,,,,1,1,1,1,91.240157052,0.975903614457831,0.975903614457831,0.975903614457831,0.975903614457831,0.007882607000056
Datasets_all/AP_Breast_Prostate.csv,Weka. LogisticRegression,,,,,,,,,,,,,47,,,,,,,,,,,,,,,,,1,1,1,1,445.578866358,0.987951807228916,0.987951807228916,0.987951807228916,0.987951807228916,0.008137426999951
Datasets_all/AP_Breast_Prostate.csv,Weka. LogisticRegression,,,,,,,,,,,,,70,,,,,,,,,,,,,,,,,1,1,1,1,669.182578174,1,1,1,1,0.008109650000051
Datasets_all/AP_Breast_Prostate.csv,Weka. LogisticRegression,,,,,,,,,,,,,87,,,,,,,,,,,,,,,,,1,1,1,1,826.750632944,0.975903614457831,0.975903614457831,0.975903614457831,0.975903614457831,0.007751809000183
Datasets_all/AP_Breast_Prostate.csv,Weka. LogisticRegression,,,,,,,,,,,,,88,,,,,,,,,,,,,,,,,1,1,1,1,800.528787664,0.975903614457831,0.975903614457831,0.975903614457831,0.975903614457831,0.007769202999953
Datasets_all/AP_Breast_Prostate.csv,Weka. LogisticRegression,,,,,,,,,,,,,117,,,,,,,,,,,,,,,,,1,1,1,1,1090.572121553,0.975903614457831,0.975903614457831,0.975903614457831,0.975903614457831,0.013788025000395
Datasets_all/AP_Breast_Prostate.csv,Weka. LogisticRegression,,,,,,,,,,,,,172,,,,,,,,,,,,,,,,,1,1,1,1,1255.901936976,0.975903614457831,0.975903614457831,0.975903614457831,0.975903614457831,0.009405560999767
Datasets_all/AP_Breast_Prostate.csv,Weka. LogisticRegression,,,,,,,,,,,,,192,,,,,,,,,,,,,,,,,1,1,1,1,1258.815157951,0.975903614457831,0.975903614457831,0.975903614457831,0.975903614457831,0.007227199000226
Datasets_all/AP_Breast_Prostate.csv,Weka. LogisticRegression,,,,,,,,,,,,,193,,,,,,,,,,,,,,,,,1,1,1,1,1273.607359933,0.975903614457831,0.975903614457831,0.975903614457831,0.975903614457831,0.019331347999469
Datasets_all/AP_Breast_Prostate.csv,Weka. LogisticRegression,,,,,,,,,,,,,195,,,,,,,,,,,,,,,,,1,1,1,1,1270.392288851,0.975903614457831,0.975903614457831,0.975903614457831,0.975903614457831,0.007397844001389
Datasets_all/AP_Breast_Prostate.csv,Weka. LogisticRegression,,,,,,,,,,,,,211,,,,,,,,,,,,,,,,,1,1,1,1,1228.635869818,0.975903614457831,0.975903614457831,0.975903614457831,0.975903614457831,0.007215558998723
Datasets_all/AP_Breast_Prostate.csv,Weka. LogisticRegression,,,,,,,,,,,,,242,,,,,,,,,,,,,,,,,1,1,1,1,1259.429758166,0.975903614457831,0.975903614457831,0.975903614457831,0.975903614457831,0.007239796001159
Datasets_all/AP_Breast_Prostate.csv,Weka. LogisticRegression,,,,,,,,,,,,,251,,,,,,,,,,,,,,,,,1,1,1,1,1260.354166997,0.975903614457831,0.975903614457831,0.975903614457831,0.975903614457831,0.007704536999881
Datasets_all/AP_Breast_Prostate.csv,Weka. LogisticRegression,,,,,,,,,,,,,277,,,,,,,,,,,,,,,,,1,1,1,1,1219.377493398,0.975903614457831,0.975903614457831,0.975903614457831,0.975903614457831,0.008024021999518
Datasets_all/AP_Breast_Prostate.csv,Weka. LogisticRegression,,,,,,,,,,,,,292,,,,,,,,,,,,,,,,,1,1,1,1,1246.287915573,0.975903614457831,0.975903614457831,0.975903614457831,0.975903614457831,0.008012573000087
Datasets_all/AP_Breast_Prostate.csv,Weka. LogisticRegression,,,,,,,,,,,,,314,,,,,,,,,,,,,,,,,1,1,1,1,1254.634872481,0.975903614457831,0.975903614457831,0.975903614457831,0.975903614457831,0.007277537999471
Datasets_all/AP_Breast_Prostate.csv,Weka. LogisticRegression,,,,,,,,,,,,,323,,,,,,,,,,,,,,,,,1,1,1,1,1225.432405854,0.975903614457831,0.975903614457831,0.975903614457831,0.975903614457831,0.007292493999557
Datasets_all/AP_Breast_Prostate.csv,Weka. LogisticRegression,,,,,,,,,,,,,359,,,,,,,,,,,,,,,,,1,1,1,1,1194.985789515,0.975903614457831,0.975903614457831,0.975903614457831,0.975903614457831,0.007226326000819
Datasets_all/AP_Breast_Prostate.csv,Weka. LogisticRegression,,,,,,,,,,,,,396,,,,,,,,,,,,,,,,,1,1,1,1,1320.399504242,0.975903614457831,0.975903614457831,0.975903614457831,0.975903614457831,0.008091454998066
Datasets_all/AP_Breast_Prostate.csv,Weka. LogisticRegression,,,,,,,,,,,,,472,,,,,,,,,,,,,,,,,1,1,1,1,1283.72023991,0.975903614457831,0.975903614457831,0.975903614457831,0.975903614457831,0.007259513000463
Datasets_all/AP_Breast_Prostate.csv,Weka. LogisticRegression,,,,,,,,,,,,,-1,,,,,,,,,,,,,,,,,1,1,1,1,1324.928873069,0.975903614457831,0.975903614457831,0.975903614457831,0.975903614457831,0.008123879997584
Datasets_all/AP_Breast_Prostate.csv,Weka. Naive Bayes,,,,True,,,,,,,True,,,,True,,,,,,,,,,,,,,,,,,,,,,,,
Datasets_all/AP_Breast_Prostate.csv,Weka. Naive Bayes,,,,False,,,,,,,True,,,,True,,,,,,,,,,,,,,,0.996969696969697,0.996969696969697,0.996969696969697,0.996969696969697,1.12338423799883,0.987951807228916,0.987951807228916,0.987951807228916,0.987951807228916,12.1456032340029
Datasets_all/AP_Breast_Prostate.csv,Weka. Naive Bayes,,,,True,,,,,,,False,,,,True,,,,,,,,,,,,,,,0.996969696969697,0.996969696969697,0.996969696969697,0.996969696969697,1.50483654900017,0.975903614457831,0.975903614457831,0.975903614457831,0.975903614457831,0.214712738001253
Datasets_all/AP_Breast_Prostate.csv,Weka. Naive Bayes,,,,False,,,,,,,False,,,,True,,,,,,,,,,,,,,,0.996969696969697,0.996969696969697,0.996969696969697,0.996969696969697,0.576739708001696,0.987951807228916,0.987951807228916,0.987951807228916,0.987951807228916,0.347902014000283
Datasets_all/AP_Breast_Prostate.csv,Weka. Naive Bayes,,,,True,,,,,,,True,,,,False,,,,,,,,,,,,,,,,,,,,,,,,
Datasets_all/AP_Breast_Prostate.csv,Weka. Naive Bayes,,,,False,,,,,,,True,,,,False,,,,,,,,,,,,,,,0.996969696969697,0.996969696969697,0.996969696969697,0.996969696969697,1.07556066500183,0.987951807228916,0.987951807228916,0.987951807228916,0.987951807228916,12.0982585499987
Datasets_all/AP_Breast_Prostate.csv,Weka. Naive Bayes,,,,True,,,,,,,False,,,,False,,,,,,,,,,,,,,,0.996969696969697,0.996969696969697,0.996969696969697,0.996969696969697,0.881079918999603,0.975903614457831,0.975903614457831,0.975903614457831,0.975903614457831,0.219590929002152
Datasets_all/AP_Breast_Prostate.csv,Weka. Naive Bayes,,,,False,,,,,,,False,,,,False,,,,,,,,,,,,,,,0.996969696969697,0.996969696969697,0.996969696969697,0.996969696969697,0.504137218998949,0.987951807228916,0.987951807228916,0.987951807228916,0.987951807228916,0.346067472997674
Datasets_all/AP_Breast_Prostate.csv,Weka. RandomForest,,False,,,,,,,52,,,,12,10,False,12,,,0,,False,,0.00116227123064,,,,,20,409,0.9,0.9,0.9,0.9,0.30323355800283,0.903614457831325,0.903614457831325,0.903614457831325,0.903614457831325,0.002046402001724
Datasets_all/AP_Breast_Prostate.csv,Weka. RandomForest,,False,,,,,,,177,,,,8,30,True,65,,,0,,False,,60.7738537523593,,,,,50,327,0.993939393939394,0.993939393939394,0.993939393939394,0.993939393939394,0.989998478999041,0.951807228915663,0.951807228915663,0.951807228915663,0.951807228915663,0.003837584001303
Datasets_all/AP_Breast_Prostate.csv,Weka. RandomForest,,False,,,,,,,256,,,,2,0,False,39,,,0,,False,,0.00116227123064,,,,,0,137,0.996969696969697,0.996969696969697,0.996969696969697,0.996969696969697,1.33246031999806,0.975903614457831,0.975903614457831,0.975903614457831,0.975903614457831,0.004923757001961
Datasets_all/AP_Breast_Prostate.csv,Weka. RandomForest,,False,,,,,,,200,,,,5,30,False,70,,,0,,False,,0.832380786423536,,,,,20,261,0.993939393939394,0.993939393939394,0.993939393939394,0.993939393939394,1.13542317100291,0.951807228915663,0.951807228915663,0.951807228915663,0.951807228915663,0.004516232002061
Datasets_all/AP_Breast_Prostate.csv,Weka. RandomForest,,False,,,,,,,200,,,,2,0,True,70,,,0,,False,,0.00213867820579,,,,,70,137,1,1,1,1,1.18627494099565,0.975903614457831,0.975903614457831,0.975903614457831,0.975903614457831,0.003201200001058
Datasets_all/AP_Breast_Prostate.csv,Weka. RandomForest,,True,,,,,,,177,,,,1,0,True,70,,,0,,False,,19.9143015920346,,,,,20,342,1,1,1,1,1.05038615800004,0.975903614457831,0.975903614457831,0.975903614457831,0.975903614457831,0.003815588002908
Datasets_all/AP_Breast_Prostate.csv,Weka. RandomForest,,False,,,,,,,256,,,,8,0,True,58,,,0,,True,,0.832380786423536,,,,,0,327,0.996969696969697,0.996969696969697,0.996969696969697,0.996969696969697,1.39605023799959,0.975903614457831,0.975903614457831,0.975903614457831,0.975903614457831,0.005592437999439
Datasets_all/AP_Breast_Prostate.csv,Weka. RandomForest,,True,,,,,,,177,,,,20,30,True,39,,,0,,True,,0.002594274432495,,,,,20,327,0.993939393939394,0.993939393939394,0.993939393939394,0.993939393939394,0.849645914000575,0.975903614457831,0.975903614457831,0.975903614457831,0.975903614457831,0.003218048997951
Datasets_all/AP_Breast_Prostate.csv,Weka. RandomForest,,False,,,,,,,122,,,,1,30,True,39,,,0,,True,,0.832380786423536,,,,,40,342,0.993939393939394,0.993939393939394,0.993939393939394,0.993939393939394,0.642288903000008,0.975903614457831,0.975903614457831,0.975903614457831,0.975903614457831,0.002794568001264
Datasets_all/AP_Breast_Prostate.csv,Weka. RandomForest,,True,,,,,,,200,,,,30,0,False,88,,,0,,True,,0.52034617748814,,,,,50,327,0.996969696969697,0.996969696969697,0.996969696969697,0.996969696969697,1.08168342700083,0.975903614457831,0.975903614457831,0.975903614457831,0.975903614457831,0.002874189001886
Datasets_all/AP_Breast_Prostate.csv,Weka. RandomForest,,False,,,,,,,256,,,,15,10,True,12,,,0,,False,,0.832380786423536,,,,,10,137,0.827272727272727,0.827272727272727,0.827272727272727,0.827272727272727,1.0923763819992,0.855421686746988,0.855421686746988,0.855421686746988,0.855421686746988,0.00369342400154
Datasets_all/AP_Breast_Prostate.csv,Weka. RandomForest,,False,,,,,,,52,,,,12,0,False,88,,,0,,True,,60.7738537523593,,,,,40,292,0.996969696969697,0.996969696969697,0.996969696969697,0.996969696969697,0.307518016998074,0.975903614457831,0.975903614457831,0.975903614457831,0.975903614457831,0.002108468997903
Datasets_all/AP_Breast_Prostate.csv,Weka. RandomForest,,False,,,,,,,52,,,,8,20,True,58,,,0,,False,,0.00213867820579,,,,,40,261,0.993939393939394,0.993939393939394,0.993939393939394,0.993939393939394,0.289077437999367,0.963855421686747,0.963855421686747,0.963855421686747,0.963855421686747,0.002107284002705
Datasets_all/AP_Breast_Prostate.csv,Weka. RandomForest,,True,,,,,,,328,,,,15,20,False,65,,,0,,True,,0.00116227123064,,,,,10,137,0.993939393939394,0.993939393939394,0.993939393939394,0.993939393939394,1.75337938899975,0.975903614457831,0.975903614457831,0.975903614457831,0.975903614457831,0.007648552000319
Datasets_all/AP_Breast_Prostate.csv,Weka. RandomForest,,False,,,,,,,256,,,,5,10,True,12,,,0,,False,,60.7738537523593,,,,,40,59,0.833333333333333,0.833333333333333,0.833333333333333,0.833333333333333,1.11921614700259,0.855421686746988,0.855421686746988,0.855421686746988,0.855421686746988,0.003868146002787
Datasets_all/AP_Breast_Prostate.csv,Weka. RandomForest,,False,,,,,,,52,,,,5,30,False,58,,,0,,False,,0.002594274432495,,,,,20,327,0.924242424242424,0.924242424242424,0.924242424242424,0.924242424242424,0.284612511000887,0.903614457831325,0.903614457831325,0.903614457831325,0.903614457831325,0.002098933000525
Datasets_all/AP_Breast_Prostate.csv,Weka. RandomForest,,True,,,,,,,328,,,,15,10,True,58,,,0,,False,,60.7738537523593,,,,,20,292,0.993939393939394,0.993939393939394,0.993939393939394,0.993939393939394,1.70019779400172,0.975903614457831,0.975903614457831,0.975903614457831,0.975903614457831,0.005328213999746
Datasets_all/AP_Breast_Prostate.csv,Weka. RandomForest,,False,,,,,,,122,,,,2,30,True,39,,,0,,False,,0.52034617748814,,,,,50,59,0.981818181818182,0.981818181818182,0.981818181818182,0.981818181818182,0.631599122003536,0.939759036144578,0.939759036144578,0.939759036144578,0.939759036144578,0.002803044997563
Datasets_all/AP_Breast_Prostate.csv,Weka. RandomForest,,False,,,,,,,122,,,,8,0,True,88,,,0,,False,,0.52034617748814,,,,,10,137,0.996969696969697,0.996969696969697,0.996969696969697,0.996969696969697,0.717996799001412,0.975903614457831,0.975903614457831,0.975903614457831,0.975903614457831,0.003133210000669
Datasets_all/AP_Breast_Prostate.csv,Weka. RandomForest,,False,,,,,,,200,,,,8,0,True,65,,,0,,False,,0.832380786423536,,,,,30,59,0.996969696969697,0.996969696969697,0.996969696969697,0.996969696969697,1.11587826899995,0.975903614457831,0.975903614457831,0.975903614457831,0.975903614457831,0.004004337999504
Datasets_all/AP_Breast_Prostate.csv,Weka. RandomForest,,False,,,,,,,177,,,,8,20,True,70,,,0,,True,,0.00116227123064,,,,,40,409,0.996969696969697,0.996969696969697,0.996969696969697,0.996969696969697,0.98370062700269,0.975903614457831,0.975903614457831,0.975903614457831,0.975903614457831,0.003937129000406
Datasets_all/AP_Breast_Prostate.csv,Weka. RandomForest,,False,,,,,,,200,,,,30,10,False,65,,,0,,True,,60.7738537523593,,,,,70,327,0.993939393939394,0.993939393939394,0.993939393939394,0.993939393939394,1.02246642300088,0.963855421686747,0.963855421686747,0.963855421686747,0.963855421686747,0.002937645997008
Datasets_all/AP_Breast_Prostate.csv,Weka. RandomForest,,True,,,,,,,52,,,,8,30,True,88,,,0,,True,,0.00213867820579,,,,,20,409,0.996969696969697,0.996969696969697,0.996969696969697,0.996969696969697,0.30859920399962,0.975903614457831,0.975903614457831,0.975903614457831,0.975903614457831,0.002182013002312
Datasets_all/AP_Breast_Prostate.csv,Weka. RandomForest,,False,,,,,,,52,,,,30,20,True,88,,,0,,True,,0.52034617748814,,,,,30,292,0.993939393939394,0.993939393939394,0.993939393939394,0.993939393939394,0.28224087000126,0.975903614457831,0.975903614457831,0.975903614457831,0.975903614457831,0.00222810500054
Datasets_all/AP_Breast_Prostate.csv,Weka. RandomForest,,True,,,,,,,256,,,,8,30,False,70,,,0,,False,,0.00213867820579,,,,,10,342,0.993939393939394,0.993939393939394,0.993939393939394,0.993939393939394,1.42937538099795,0.963855421686747,0.963855421686747,0.963855421686747,0.963855421686747,0.005796887999168
Datasets_all/AP_Breast_Prostate.csv,Weka. REPTree,,,,,,,,,,,,30,20,12,,False,,,0,,,,95.9620812069692,,,,,,,0.996969696969697,0.996969696969697,0.996969696969697,0.996969696969697,0.906851644002018,0.987951807228916,0.987951807228916,0.987951807228916,0.987951807228916,0.001572700999532
Datasets_all/AP_Breast_Prostate.csv,Weka. REPTree,,,,,,,,,,,,50,15,5,,False,,,0,,,,0.660843682903067,,,,,,,0.996969696969697,0.996969696969697,0.996969696969697,0.996969696969697,0.699992280002334,0.987951807228916,0.987951807228916,0.987951807228916,0.987951807228916,0.00154907400065
Datasets_all/AP_Breast_Prostate.csv,Weka. REPTree,,,,,,,,,,,,100,8,8,,True,,,0,,,,40.4989484421865,,,,,,,0.996969696969697,0.996969696969697,0.996969696969697,0.996969696969697,0.857486988999881,0.987951807228916,0.987951807228916,0.987951807228916,0.987951807228916,0.001591832002305
Datasets_all/AP_Breast_Prostate.csv,Weka. REPTree,,,,,,,,,,,,30,15,3,,True,,,0,,,,4.86600074015614,,,,,,,0.996969696969697,0.996969696969697,0.996969696969697,0.996969696969697,0.853710810999473,0.987951807228916,0.987951807228916,0.987951807228916,0.987951807228916,0.001551612000185
Datasets_all/AP_Breast_Prostate.csv,Weka. REPTree,,,,,,,,,,,,70,2,15,,False,,,0,,,,0.660843682903067,,,,,,,0.996969696969697,0.996969696969697,0.996969696969697,0.996969696969697,0.806376210002782,0.987951807228916,0.987951807228916,0.987951807228916,0.987951807228916,0.001586285001395
Datasets_all/AP_Breast_Prostate.csv,Weka. REPTree,,,,,,,,,,,,50,30,12,,False,,,0,,,,0.630399329507692,,,,,,,0.996969696969697,0.996969696969697,0.996969696969697,0.996969696969697,0.783477531000244,0.987951807228916,0.987951807228916,0.987951807228916,0.987951807228916,0.001588925002579
Datasets_all/AP_Breast_Prostate.csv,Weka. REPTree,,,,,,,,,,,,70,20,12,,True,,,0,,,,0.173955899185751,,,,,,,0.996969696969697,0.996969696969697,0.996969696969697,0.996969696969697,0.853294482003548,0.987951807228916,0.987951807228916,0.987951807228916,0.987951807228916,0.001596697999048
Datasets_all/AP_Breast_Prostate.csv,Weka. REPTree,,,,,,,,,,,,10,30,3,,False,,,0,,,,1.26258412405168,,,,,,,0.993939393939394,0.993939393939394,0.993939393939394,0.993939393939394,0.552942151000025,0.987951807228916,0.987951807228916,0.987951807228916,0.987951807228916,0.001560413998959
Datasets_all/AP_Breast_Prostate.csv,Weka. REPTree,,,,,,,,,,,,100,15,5,,True,,,0,,,,0.090835802167496,,,,,,,0.996969696969697,0.996969696969697,0.996969696969697,0.996969696969697,0.857169990998955,0.987951807228916,0.987951807228916,0.987951807228916,0.987951807228916,0.0015640169986
Datasets_all/AP_Breast_Prostate.csv,Weka. REPTree,,,,,,,,,,,,70,1,8,,True,,,0,,,,40.4989484421865,,,,,,,1,1,1,1,0.921371032000025,1,1,1,1,0.001612743999431
Datasets_all/AP_Breast_Prostate.csv,Weka. REPTree,,,,,,,,,,,,10,8,3,,False,,,0,,,,0.173955899185751,,,,,,,0.993939393939394,0.993939393939394,0.993939393939394,0.993939393939394,0.551890782000555,0.987951807228916,0.987951807228916,0.987951807228916,0.987951807228916,0.001578327999596
Datasets_all/AP_Breast_Prostate.csv,Weka. REPTree,,,,,,,,,,,,20,12,8,,False,,,0,,,,0.630399329507692,,,,,,,0.990909090909091,0.990909090909091,0.990909090909091,0.990909090909091,0.610956238000654,0.975903614457831,0.975903614457831,0.975903614457831,0.975903614457831,0.001557114999741
Datasets_all/AP_Breast_Prostate.csv,Weka. REPTree,,,,,,,,,,,,0,1,3,,False,,,0,,,,0.147173604218738,,,,,,,0.827272727272727,0.827272727272727,0.827272727272727,0.827272727272727,0.217983479000395,0.855421686746988,0.855421686746988,0.855421686746988,0.855421686746988,0.001537379001093
Datasets_all/AP_Breast_Prostate.csv,Weka. REPTree,,,,,,,,,,,,40,2,12,,False,,,0,,,,4.86600074015614,,,,,,,0.996969696969697,0.996969696969697,0.996969696969697,0.996969696969697,0.778195310998854,0.987951807228916,0.987951807228916,0.987951807228916,0.987951807228916,0.001530609002657
Datasets_all/AP_Breast_Prostate.csv,Weka. REPTree,,,,,,,,,,,,20,5,3,,False,,,0,,,,95.9620812069692,,,,,,,0.993939393939394,0.993939393939394,0.993939393939394,0.993939393939394,0.553554420002911,0.987951807228916,0.987951807228916,0.987951807228916,0.987951807228916,0.001550270997541
Datasets_all/AP_Breast_Prostate.csv,Weka. REPTree,,,,,,,,,,,,20,12,8,,True,,,0,,,,0.173955899185751,,,,,,,0.996969696969697,0.996969696969697,0.996969696969697,0.996969696969697,0.857769408001332,0.987951807228916,0.987951807228916,0.987951807228916,0.987951807228916,0.001592368000274
Datasets_all/AP_Breast_Prostate.csv,Weka. REPTree,,,,,,,,,,,,30,20,3,,True,,,0,,,,95.9620812069692,,,,,,,0.996969696969697,0.996969696969697,0.996969696969697,0.996969696969697,0.85369884299871,0.987951807228916,0.987951807228916,0.987951807228916,0.987951807228916,0.001565709000715
Datasets_all/AP_Breast_Prostate.csv,Weka. REPTree,,,,,,,,,,,,30,20,12,,False,,,0,,,,0.090835802167496,,,,,,,0.996969696969697,0.996969696969697,0.996969696969697,0.996969696969697,0.777513642002305,0.987951807228916,0.987951807228916,0.987951807228916,0.987951807228916,0.001559837000968
Datasets_all/AP_Breast_Prostate.csv,Weka. REPTree,,,,,,,,,,,,40,30,15,,True,,,0,,,,40.4989484421865,,,,,,,0.996969696969697,0.996969696969697,0.996969696969697,0.996969696969697,0.857790672002011,0.987951807228916,0.987951807228916,0.987951807228916,0.987951807228916,0.001552166002512
Datasets_all/AP_Breast_Prostate.csv,Weka. REPTree,,,,,,,,,,,,0,2,12,,False,,,0,,,,0.660843682903067,,,,,,,0.827272727272727,0.827272727272727,0.827272727272727,0.827272727272727,0.31524093400003,0.855421686746988,0.855421686746988,0.855421686746988,0.855421686746988,0.001567541999975
Datasets_all/AP_Breast_Prostate.csv,Weka. REPTree,,,,,,,,,,,,40,30,15,,True,,,0,,,,4.86600074015614,,,,,,,0.996969696969697,0.996969696969697,0.996969696969697,0.996969696969697,0.858583203000307,0.987951807228916,0.987951807228916,0.987951807228916,0.987951807228916,0.001541071000247
Datasets_all/AP_Breast_Prostate.csv,Weka. REPTree,,,,,,,,,,,,30,20,3,,False,,,0,,,,0.660843682903067,,,,,,,0.993939393939394,0.993939393939394,0.993939393939394,0.993939393939394,0.55908376500156,0.987951807228916,0.987951807228916,0.987951807228916,0.987951807228916,0.001531522000732
Datasets_all/AP_Breast_Prostate.csv,Weka. REPTree,,,,,,,,,,,,40,20,12,,True,,,0,,,,0.660843682903067,,,,,,,0.996969696969697,0.996969696969697,0.996969696969697,0.996969696969697,0.852697803002229,0.987951807228916,0.987951807228916,0.987951807228916,0.987951807228916,0.001520243000414
Datasets_all/AP_Breast_Prostate.csv,Weka. REPTree,,,,,,,,,,,,30,30,8,,False,,,0,,,,95.9620812069692,,,,,,,0.990909090909091,0.990909090909091,0.990909090909091,0.990909090909091,0.57471649800209,0.975903614457831,0.975903614457831,0.975903614457831,0.975903614457831,0.001514406998467
Datasets_all/AP_Breast_Prostate.csv,Weka. REPTree,,,,,,,,,,,,10,5,5,,False,,,0,,,,40.4989484421865,,,,,,,0.996969696969697,0.996969696969697,0.996969696969697,0.996969696969697,0.67362139800025,0.987951807228916,0.987951807228916,0.987951807228916,0.987951807228916,0.001538702999824
Datasets_all/AP_Breast_Prostate.csv,Weka. PART,,True,,,,,,,,True,,,5,,,,0,,,,False,,,,,,True,,,0.996969696969697,0.996969696969697,0.996969696969697,0.996969696969697,1.09165395200034,0.987951807228916,0.987951807228916,0.987951807228916,0.987951807228916,0.001547379997646
Datasets_all/AP_Breast_Prostate.csv,Weka. PART,,True,,,,,,,,True,,,20,,,,0,,,,True,,,,,,True,,,0.996969696969697,0.996969696969697,0.996969696969697,0.996969696969697,1.18023814200205,0.975903614457831,0.975903614457831,0.975903614457831,0.975903614457831,0.001619865000976
Datasets_all/AP_Breast_Prostate.csv,Weka. PART,,False,,,,,,,,True,,,15,,,,0,,,,True,,,,,,False,,,0.996969696969697,0.996969696969697,0.996969696969697,0.996969696969697,1.16712529100187,0.963855421686747,0.963855421686747,0.963855421686747,0.963855421686747,0.001617470999918
Datasets_all/AP_Breast_Prostate.csv,Weka. PART,,True,,,,,,,,False,,,12,,,,0,,,,False,,,,,,False,,,0.996969696969697,0.996969696969697,0.996969696969697,0.996969696969697,1.02770255699943,0.987951807228916,0.987951807228916,0.987951807228916,0.987951807228916,0.00158899699818
Datasets_all/AP_Breast_Prostate.csv,Weka. PART,,True,,,,,,,,True,,,5,,,,0,,,,True,,,,,,True,,,1,1,1,1,1.21447872700082,0.951807228915663,0.951807228915663,0.951807228915663,0.951807228915663,0.001636192999285
Datasets_all/AP_Breast_Prostate.csv,Weka. PART,,False,,,,,,,,True,,,8,,,,0,,,,False,,,,,,True,,,0.996969696969697,0.996969696969697,0.996969696969697,0.996969696969697,1.07178189900151,0.987951807228916,0.987951807228916,0.987951807228916,0.987951807228916,0.001629407997825
Datasets_all/AP_Breast_Prostate.csv,Weka. PART,,False,,,,,,,,False,,,30,,,,0,,,,False,,,,,,False,,,0.996969696969697,0.996969696969697,0.996969696969697,0.996969696969697,1.02525677399899,0.987951807228916,0.987951807228916,0.987951807228916,0.987951807228916,0.001576097998623
Datasets_all/AP_Breast_Prostate.csv,Weka. PART,,False,,,,,,,,True,,,1,,,,0,,,,False,,,,,,True,,,1,1,1,1,1.19948946099612,0.951807228915663,0.951807228915663,0.951807228915663,0.951807228915663,0.00158583600205
Datasets_all/AP_Breast_Prostate.csv,Weka. PART,,False,,,,,,,,False,,,5,,,,0,,,,True,,,,,,True,,,0.996969696969697,0.996969696969697,0.996969696969697,0.996969696969697,1.02656431200012,0.987951807228916,0.987951807228916,0.987951807228916,0.987951807228916,0.001638049998292
Datasets_all/AP_Breast_Prostate.csv,Weka. PART,,True,,,,,,,,False,,,2,,,,0,,,,True,,,,,,False,,,0.996969696969697,0.996969696969697,0.996969696969697,0.996969696969697,1.04405863299689,0.987951807228916,0.987951807228916,0.987951807228916,0.987951807228916,0.001583987999766
Datasets_all/AP_Breast_Prostate.csv,Weka. PART,,True,,,,,,,,True,,,30,,,,0,,,,False,,,,,,True,,,0.996969696969697,0.996969696969697,0.996969696969697,0.996969696969697,1.0552202789986,0.987951807228916,0.987951807228916,0.987951807228916,0.987951807228916,0.001613434000319
Datasets_all/AP_Breast_Prostate.csv,Weka. PART,,True,,,,,,,,True,,,5,,,,0,,,,True,,,,,,False,,,1,1,1,1,1.08698858100252,0.951807228915663,0.951807228915663,0.951807228915663,0.951807228915663,0.001606410998647
Datasets_all/AP_Breast_Prostate.csv,Weka. PART,,False,,,,,,,,False,,,20,,,,0,,,,True,,,,,,True,,,0.996969696969697,0.996969696969697,0.996969696969697,0.996969696969697,1.04600895000112,0.987951807228916,0.987951807228916,0.987951807228916,0.987951807228916,0.0016276009992
Datasets_all/AP_Breast_Prostate.csv,Weka. PART,,False,,,,,,,,True,,,30,,,,0,,,,True,,,,,,False,,,0.996969696969697,0.996969696969697,0.996969696969697,0.996969696969697,1.15932705700106,0.987951807228916,0.987951807228916,0.987951807228916,0.987951807228916,0.001576824000949
Datasets_all/AP_Breast_Prostate.csv,Weka. PART,,True,,,,,,,,True,,,30,,,,0,,,,True,,,,,,False,,,0.996969696969697,0.996969696969697,0.996969696969697,0.996969696969697,1.17495318100191,0.987951807228916,0.987951807228916,0.987951807228916,0.987951807228916,0.001570323998749
Datasets_all/AP_Breast_Prostate.csv,Weka. PART,,True,,,,,,,,False,,,1,,,,0,,,,False,,,,,,True,,,0.996969696969697,0.996969696969697,0.996969696969697,0.996969696969697,1.04701110599854,0.987951807228916,0.987951807228916,0.987951807228916,0.987951807228916,0.001596602000063
Datasets_all/AP_Breast_Prostate.csv,Weka. PART,,True,,,,,,,,True,,,1,,,,0,,,,True,,,,,,False,,,1,1,1,1,1.20413586600262,0.951807228915663,0.951807228915663,0.951807228915663,0.951807228915663,0.001643182000407
Datasets_all/AP_Breast_Prostate.csv,Weka. PART,,True,,,,,,,,False,,,20,,,,0,,,,False,,,,,,False,,,0.996969696969697,0.996969696969697,0.996969696969697,0.996969696969697,1.03941466899778,0.987951807228916,0.987951807228916,0.987951807228916,0.987951807228916,0.001571262997459
Datasets_all/AP_Breast_Prostate.csv,Weka. PART,,True,,,,,,,,True,,,12,,,,0,,,,False,,,,,,False,,,0.996969696969697,0.996969696969697,0.996969696969697,0.996969696969697,1.06891170199742,0.987951807228916,0.987951807228916,0.987951807228916,0.987951807228916,0.001596951002284
Datasets_all/AP_Breast_Prostate.csv,Weka. PART,,True,,,,,,,,True,,,20,,,,0,,,,True,,,,,,False,,,0.996969696969697,0.996969696969697,0.996969696969697,0.996969696969697,1.17874854000183,0.975903614457831,0.975903614457831,0.975903614457831,0.975903614457831,0.001563802001328
Datasets_all/AP_Breast_Prostate.csv,Weka. PART,,True,,,,,,,,True,,,15,,,,0,,,,True,,,,,,False,,,0.996969696969697,0.996969696969697,0.996969696969697,0.996969696969697,1.17293617599717,0.963855421686747,0.963855421686747,0.963855421686747,0.963855421686747,0.001572818000568
Datasets_all/AP_Breast_Prostate.csv,Weka. PART,,False,,,,,,,,False,,,2,,,,0,,,,False,,,,,,True,,,0.996969696969697,0.996969696969697,0.996969696969697,0.996969696969697,1.02619421400232,0.987951807228916,0.987951807228916,0.987951807228916,0.987951807228916,0.001556818002427
Datasets_all/AP_Breast_Prostate.csv,Weka. PART,,True,,,,,,,,True,,,12,,,,0,,,,False,,,,,,True,,,0.996969696969697,0.996969696969697,0.996969696969697,0.996969696969697,1.07047395900008,0.987951807228916,0.987951807228916,0.987951807228916,0.987951807228916,0.001578929000971
Datasets_all/AP_Breast_Prostate.csv,Weka. PART,,False,,,,,,,,True,,,2,,,,0,,,,True,,,,,,True,,,1,1,1,1,1.19104199799767,0.951807228915663,0.951807228915663,0.951807228915663,0.951807228915663,0.00156584800061
Datasets_all/AP_Breast_Prostate.csv,Weka. PART,,False,,,,,,,,False,,,20,,,,0,,,,False,,,,,,True,,,0.996969696969697,0.996969696969697,0.996969696969697,0.996969696969697,0.9190271999978,0.987951807228916,0.987951807228916,0.987951807228916,0.987951807228916,0.001564695001434
Datasets_all/AP_Breast_Prostate.csv,Weka. Logistic Model Trees,False,True,True,,,,,,338,,,,89,,,False,,False,,,,0.630399329507692,,,,,True,,,0.996969696969697,0.996969696969697,0.996969696969697,0.996969696969697,8.16358347100322,0.963855421686747,0.963855421686747,0.963855421686747,0.963855421686747,0.014010913000675
Datasets_all/AP_Breast_Prostate.csv,Weka. Logistic Model Trees,False,False,False,,,,,,335,,,,90,,,True,,False,,,,4.86600074015614,,,,,True,,,0.827272727272727,0.827272727272727,0.827272727272727,0.827272727272727,5.84669142200437,0.855421686746988,0.855421686746988,0.855421686746988,0.855421686746988,0.015823552999791
Datasets_all/AP_Breast_Prostate.csv,Weka. Logistic Model Trees,True,False,True,,,,,,338,,,,27,,,False,,False,,,,0.630399329507692,,,,,True,,,0.996969696969697,0.996969696969697,0.996969696969697,0.996969696969697,8.20200559200021,0.963855421686747,0.963855421686747,0.963855421686747,0.963855421686747,0.015886773999228
Datasets_all/AP_Breast_Prostate.csv,Weka. Logistic Model Trees,False,True,True,,,,,,335,,,,74,,,False,,False,,,,0.090835802167496,,,,,True,,,0.996969696969697,0.996969696969697,0.996969696969697,0.996969696969697,7.67938604099982,0.975903614457831,0.975903614457831,0.975903614457831,0.975903614457831,0.013910921999923
Datasets_all/AP_Breast_Prostate.csv,Weka. Logistic Model Trees,False,True,False,,,,,,448,,,,41,,,True,,False,,,,0.173955899185751,,,,,False,,,0.996969696969697,0.996969696969697,0.996969696969697,0.996969696969697,9.1503034419984,1,1,1,1,0.016058228997281
Datasets_all/AP_Breast_Prostate.csv,Weka. Logistic Model Trees,False,False,False,,,,,,338,,,,74,,,False,,False,,,,0.660843682903067,,,,,True,,,0.990909090909091,0.990909090909091,0.990909090909091,0.990909090909091,7.81198343399956,0.951807228915663,0.951807228915663,0.951807228915663,0.951807228915663,0.013736788001552
Datasets_all/AP_Breast_Prostate.csv,Weka. Logistic Model Trees,False,True,True,,,,,,338,,,,48,,,True,,False,,,,0.173955899185751,,,,,False,,,0.996969696969697,0.996969696969697,0.996969696969697,0.996969696969697,8.80350959299904,1,1,1,1,0.013736454002356
Datasets_all/AP_Breast_Prostate.csv,Weka. Logistic Model Trees,True,True,False,,,,,,404,,,,79,,,False,,False,,,,40.4989484421865,,,,,True,,,0.827272727272727,0.827272727272727,0.827272727272727,0.827272727272727,5.95036126400009,0.855421686746988,0.855421686746988,0.855421686746988,0.855421686746988,0.015887310000835
Datasets_all/AP_Breast_Prostate.csv,Weka. Logistic Model Trees,True,False,False,,,,,,115,,,,83,,,False,,True,,,,2.11854462818813,,,,,False,,,0.827272727272727,0.827272727272727,0.827272727272727,0.827272727272727,424.640134999001,0.855421686746988,0.855421686746988,0.855421686746988,0.855421686746988,0.030834440000035
Datasets_all/AP_Breast_Prostate.csv,Weka. Logistic Model Trees,True,False,True,,,,,,464,,,,48,,,True,,False,,,,0.147173604218738,,,,,False,,,0.996969696969697,0.996969696969697,0.996969696969697,0.996969696969697,6.99500549100412,0.951807228915663,0.951807228915663,0.951807228915663,0.951807228915663,0.01601828999992
Datasets_all/AP_Breast_Prostate.csv,Weka. Logistic Model Trees,False,True,True,,,,,,404,,,,89,,,True,,False,,,,1.26258412405168,,,,,True,,,0.827272727272727,0.827272727272727,0.827272727272727,0.827272727272727,5.72048684699985,0.855421686746988,0.855421686746988,0.855421686746988,0.855421686746988,0.015836516999116
Datasets_all/AP_Breast_Prostate.csv,Weka. Logistic Model Trees,True,False,False,,,,,,338,,,,27,,,True,,False,,,,0.173955899185751,,,,,True,,,0.996969696969697,0.996969696969697,0.996969696969697,0.996969696969697,8.74794517400005,1,1,1,1,0.015878849997535
Datasets_all/AP_Breast_Prostate.csv,Weka. Logistic Model Trees,True,True,True,,,,,,335,,,,74,,,True,,False,,,,0.630399329507692,,,,,True,,,0.996969696969697,0.996969696969697,0.996969696969697,0.996969696969697,8.04453776599985,0.963855421686747,0.963855421686747,0.963855421686747,0.963855421686747,0.015939741999318
Datasets_all/AP_Breast_Prostate.csv,Weka. Logistic Model Trees,True,True,False,,,,,,448,,,,89,,,False,,False,,,,0.660843682903067,,,,,True,,,0.990909090909091,0.990909090909091,0.990909090909091,0.990909090909091,8.18653907800035,0.951807228915663,0.951807228915663,0.951807228915663,0.951807228915663,0.015862452000874
Datasets_all/AP_Breast_Prostate.csv,Weka. Logistic Model Trees,False,False,False,,,,,,115,,,,27,,,False,,True,,,,40.4989484421865,,,,,False,,,0.827272727272727,0.827272727272727,0.827272727272727,0.827272727272727,411.610437994001,0.855421686746988,0.855421686746988,0.855421686746988,0.855421686746988,0.016022906998842
Datasets_all/AP_Breast_Prostate.csv,Weka. Logistic Model Trees,True,True,True,,,,,,431,,,,83,,,True,,False,,,,0.173955899185751,,,,,False,,,0.996969696969697,0.996969696969697,0.996969696969697,0.996969696969697,8.67131848799909,1,1,1,1,0.014085902002989
Datasets_all/AP_Breast_Prostate.csv,Weka. Logistic Model Trees,False,True,True,,,,,,197,,,,39,,,True,,False,,,,0.147173604218738,,,,,True,,,0.990909090909091,0.990909090909091,0.990909090909091,0.990909090909091,6.27865156600092,0.963855421686747,0.963855421686747,0.963855421686747,0.963855421686747,0.013998880000145
Datasets_all/AP_Breast_Prostate.csv,Weka. Logistic Model Trees,False,False,False,,,,,,335,,,,39,,,True,,True,,,,95.9620812069692,,,,,True,,,0.827272727272727,0.827272727272727,0.827272727272727,0.827272727272727,409.855166756002,0.855421686746988,0.855421686746988,0.855421686746988,0.855421686746988,0.01426893900134
Datasets_all/AP_Breast_Prostate.csv,Weka. Logistic Model Trees,False,True,False,,,,,,431,,,,83,,,True,,True,,,,0.173955899185751,,,,,True,,,0.996969696969697,0.996969696969697,0.996969696969697,0.996969696969697,734.460378469994,1,1,1,1,0.014117393999186
Datasets_all/AP_Breast_Prostate.csv,Weka. Logistic Model Trees,False,False,True,,,,,,99,,,,83,,,True,,True,,,,95.9620812069692,,,,,True,,,0.827272727272727,0.827272727272727,0.827272727272727,0.827272727272727,419.778724317999,0.855421686746988,0.855421686746988,0.855421686746988,0.855421686746988,0.016069915000117
Datasets_all/AP_Breast_Prostate.csv,Weka. Logistic Model Trees,True,False,True,,,,,,464,,,,90,,,False,,True,,,,0.660843682903067,,,,,True,,,1,1,1,1,524.027728952999,0.963855421686747,0.963855421686747,0.963855421686747,0.963855421686747,0.019540616998711
Datasets_all/AP_Breast_Prostate.csv,Weka. Logistic Model Trees,False,False,True,,,,,,243,,,,11,,,True,,False,,,,4.86600074015614,,,,,True,,,0.827272727272727,0.827272727272727,0.827272727272727,0.827272727272727,5.79810924500271,0.855421686746988,0.855421686746988,0.855421686746988,0.855421686746988,0.015913911000098
Datasets_all/AP_Breast_Prostate.csv,Weka. Logistic Model Trees,False,False,True,,,,,,335,,,,27,,,True,,True,,,,0.147173604218738,,,,,True,,,0.996969696969697,0.996969696969697,0.996969696969697,0.996969696969697,495.610127156,0.951807228915663,0.951807228915663,0.951807228915663,0.951807228915663,0.016166875000636
Datasets_all/AP_Breast_Prostate.csv,Weka. Logistic Model Trees,False,True,False,,,,,,99,,,,79,,,True,,True,,,,0.090835802167496,,,,,False,,,0.996969696969697,0.996969696969697,0.996969696969697,0.996969696969697,390.226473930001,0.975903614457831,0.975903614457831,0.975903614457831,0.975903614457831,0.014148279999063
Datasets_all/AP_Breast_Prostate.csv,Weka. Logistic Model Trees,True,True,True,,,,,,115,,,,41,,,False,,False,,,,0.147173604218738,,,,,False,,,0.981818181818182,0.981818181818182,0.981818181818182,0.981818181818182,6.77490795400445,0.975903614457831,0.975903614457831,0.975903614457831,0.975903614457831,0.013962650002213
Datasets_all/AP_Breast_Prostate.csv,Weka. IBk,,,,,False,True,,,False,,1,,,,,,,,,,,,,False,,,,,,1,1,1,1,0.00200813000265,0.963855421686747,0.963855421686747,0.963855421686747,0.963855421686747,1.34337278100065
Datasets_all/AP_Breast_Prostate.csv,Weka. IBk,,,,,True,False,,,False,,7,,,,,,,,,,,,,True,,,,,,1,1,1,1,0.001913314998092,0.963855421686747,0.963855421686747,0.963855421686747,0.963855421686747,1.43841495400193
Datasets_all/AP_Breast_Prostate.csv,Weka. IBk,,,,,True,False,,,False,,9,,,,,,,,,,,,,True,,,,,,1,1,1,1,0.001900456001749,0.963855421686747,0.963855421686747,0.963855421686747,0.963855421686747,1.40176371000052
Datasets_all/AP_Breast_Prostate.csv,Weka. IBk,,,,,False,True,,,True,,9,,,,,,,,,,,,,True,,,,,,,,,,,,,,,
Datasets_all/AP_Breast_Prostate.csv,Weka. IBk,,,,,False,False,,,True,,13,,,,,,,,,,,,,False,,,,,,1,1,1,1,0.001870185998996,0.975903614457831,0.975903614457831,0.975903614457831,0.975903614457831,1.9137745879998
Datasets_all/AP_Breast_Prostate.csv,Weka. IBk,,,,,True,False,,,True,,25,,,,,,,,,,,,,True,,,,,,1,1,1,1,0.001871224001661,0.963855421686747,0.963855421686747,0.963855421686747,0.963855421686747,1.41962403800062
Datasets_all/AP_Breast_Prostate.csv,Weka. IBk,,,,,False,True,,,False,,25,,,,,,,,,,,,,True,,,,,,1,1,1,1,0.001910599999974,0.963855421686747,0.963855421686747,0.963855421686747,0.963855421686747,1.40880383499825
Datasets_all/AP_Breast_Prostate.csv,Weka. IBk,,,,,False,True,,,True,,7,,,,,,,,,,,,,False,,,,,,,,,,,,,,,
Datasets_all/AP_Breast_Prostate.csv,Weka. IBk,,,,,True,False,,,False,,25,,,,,,,,,,,,,True,,,,,,1,1,1,1,0.001183330001368,0.963855421686747,0.963855421686747,0.963855421686747,0.963855421686747,1.39716826299991
Datasets_all/AP_Breast_Prostate.csv,Weka. IBk,,,,,True,True,,,True,,7,,,,,,,,,,,,,True,,,,,,,,,,,,,,,
Datasets_all/AP_Breast_Prostate.csv,Weka. IBk,,,,,False,False,,,True,,19,,,,,,,,,,,,,False,,,,,,1,1,1,1,0.001162431999546,0.975903614457831,0.975903614457831,0.975903614457831,0.975903614457831,2.00477783799943
Datasets_all/AP_Breast_Prostate.csv,Weka. IBk,,,,,True,False,,,True,,19,,,,,,,,,,,,,True,,,,,,1,1,1,1,0.001054254997143,0.963855421686747,0.963855421686747,0.963855421686747,0.963855421686747,1.40010540000003
Datasets_all/AP_Breast_Prostate.csv,Weka. IBk,,,,,True,True,,,True,,17,,,,,,,,,,,,,True,,,,,,,,,,,,,,,
Datasets_all/AP_Breast_Prostate.csv,Weka. IBk,,,,,True,True,,,False,,17,,,,,,,,,,,,,False,,,,,,0.993939393939394,0.993939393939394,0.993939393939394,0.993939393939394,0.002731857999606,0.975903614457831,0.975903614457831,0.975903614457831,0.975903614457831,1.98101272699932
Datasets_all/AP_Breast_Prostate.csv,Weka. IBk,,,,,False,True,,,True,,19,,,,,,,,,,,,,False,,,,,,,,,,,,,,,
Datasets_all/AP_Breast_Prostate.csv,Weka. IBk,,,,,True,True,,,False,,13,,,,,,,,,,,,,True,,,,,,1,1,1,1,0.001042231997417,0.963855421686747,0.963855421686747,0.963855421686747,0.963855421686747,1.41261871800089
Datasets_all/AP_Breast_Prostate.csv,Weka. IBk,,,,,True,True,,,True,,9,,,,,,,,,,,,,True,,,,,,,,,,,,,,,
Datasets_all/AP_Breast_Prostate.csv,Weka. IBk,,,,,True,True,,,True,,3,,,,,,,,,,,,,True,,,,,,,,,,,,,,,
Datasets_all/AP_Breast_Prostate.csv,Weka. IBk,,,,,False,False,,,False,,19,,,,,,,,,,,,,False,,,,,,0.993939393939394,0.993939393939394,0.993939393939394,0.993939393939394,0.000812146001408,0.975903614457831,0.975903614457831,0.975903614457831,0.975903614457831,2.01759558299818
Datasets_all/AP_Breast_Prostate.csv,Weka. IBk,,,,,False,True,,,False,,19,,,,,,,,,,,,,True,,,,,,1,1,1,1,0.000753870001063,0.963855421686747,0.963855421686747,0.963855421686747,0.963855421686747,1.40183411500038
Datasets_all/AP_Breast_Prostate.csv,Weka. IBk,,,,,False,False,,,True,,3,,,,,,,,,,,,,False,,,,,,1,1,1,1,0.000770298003772,0.975903614457831,0.975903614457831,0.975903614457831,0.975903614457831,1.59670552300304
Datasets_all/AP_Breast_Prostate.csv,Weka. IBk,,,,,True,False,,,True,,17,,,,,,,,,,,,,False,,,,,,1,1,1,1,0.000758687001507,0.975903614457831,0.975903614457831,0.975903614457831,0.975903614457831,1.98777369300296
Datasets_all/AP_Breast_Prostate.csv,Weka. IBk,,,,,True,True,,,False,,13,,,,,,,,,,,,,False,,,,,,0.996969696969697,0.996969696969697,0.996969696969697,0.996969696969697,0.000773104999098,0.975903614457831,0.975903614457831,0.975903614457831,0.975903614457831,1.91353478100064
Datasets_all/AP_Breast_Prostate.csv,Weka. IBk,,,,,True,False,,,True,,9,,,,,,,,,,,,,True,,,,,,1,1,1,1,0.000768547000916,0.963855421686747,0.963855421686747,0.963855421686747,0.963855421686747,1.40751743100191
Datasets_all/AP_Breast_Prostate.csv,Weka. IBk,,,,,False,True,,,False,,17,,,,,,,,,,,,,True,,,,,,1,1,1,1,0.000752979998651,0.963855421686747,0.963855421686747,0.963855421686747,0.963855421686747,1.39822053600074
Datasets_all/AP_Breast_Prostate.csv,Weka. HoeffdingTree,,,,,0.147173604218738,,163,4.16309922773969,,,,,0.118274425868933,420,,,,,,,,,,,,,,,,0.993939393939394,0.993939393939394,0.993939393939394,0.993939393939394,4.1048605190008,0.975903614457831,0.975903614457831,0.975903614457831,0.975903614457831,0.001674369999819
Datasets_all/AP_Breast_Prostate.csv,Weka. HoeffdingTree,,,,,0.090835802167496,,53,3.89078375474925,,,,,0.799158564216724,459,,,,,,,,,,,,,,,,0.827272727272727,0.827272727272727,0.827272727272727,0.827272727272727,5.05735066200214,0.855421686746988,0.855421686746988,0.855421686746988,0.855421686746988,0.001567343002534
Datasets_all/AP_Breast_Prostate.csv,Weka. HoeffdingTree,,,,,4.86600074015614,,420,2.84022280546966,,,,,0.799158564216724,183,,,,,,,,,,,,,,,,0.996969696969697,0.996969696969697,0.996969696969697,0.996969696969697,2.6861739699998,0.987951807228916,0.987951807228916,0.987951807228916,0.987951807228916,0.439268374000676
Datasets_all/AP_Breast_Prostate.csv,Weka. HoeffdingTree,,,,,2.11854462818813,,128,4.62798319146331,,,,,0.799158564216724,459,,,,,,,,,,,,,,,,0.827272727272727,0.827272727272727,0.827272727272727,0.827272727272727,2.78601324700139,0.855421686746988,0.855421686746988,0.855421686746988,0.855421686746988,0.00495625700205
Datasets_all/AP_Breast_Prostate.csv,Weka. HoeffdingTree,,,,,0.147173604218738,,420,2.84022280546966,,,,,0.799158564216724,290,,,,,,,,,,,,,,,,0.996969696969697,0.996969696969697,0.996969696969697,0.996969696969697,2.56699377100085,0.987951807228916,0.987951807228916,0.987951807228916,0.987951807228916,0.368147514000157
Datasets_all/AP_Breast_Prostate.csv,Weka. HoeffdingTree,,,,,0.173955899185751,,420,4.62798319146331,,,,,0.461479362252932,53,,,,,,,,,,,,,,,,0.996969696969697,0.996969696969697,0.996969696969697,0.996969696969697,2.47309755099923,0.987951807228916,0.987951807228916,0.987951807228916,0.987951807228916,0.355227293002827
Datasets_all/AP_Breast_Prostate.csv,Weka. HoeffdingTree,,,,,1.26258412405168,,53,4.16309922773969,,,,,0.639921021327524,128,,,,,,,,,,,,,,,,0.827272727272727,0.827272727272727,0.827272727272727,0.827272727272727,2.98879022699839,0.855421686746988,0.855421686746988,0.855421686746988,0.855421686746988,0.001532628000859
Datasets_all/AP_Breast_Prostate.csv,Weka. HoeffdingTree,,,,,0.147173604218738,,128,0.101091987201629,,,,,0.639921021327524,459,,,,,,,,,,,,,,,,0.827272727272727,0.827272727272727,0.827272727272727,0.827272727272727,3.53586745699795,0.855421686746988,0.855421686746988,0.855421686746988,0.855421686746988,0.001624390999496
Datasets_all/AP_Breast_Prostate.csv,Weka. HoeffdingTree,,,,,4.86600074015614,,420,4.62798319146331,,,,,0.639921021327524,163,,,,,,,,,,,,,,,,0.996969696969697,0.996969696969697,0.996969696969697,0.996969696969697,2.20252586800052,0.987951807228916,0.987951807228916,0.987951807228916,0.987951807228916,0.415297832998476
Datasets_all/AP_Breast_Prostate.csv,Weka. HoeffdingTree,,,,,2.11854462818813,,183,4.16309922773969,,,,,0.414661939990524,53,,,,,,,,,,,,,,,,0.996969696969697,0.996969696969697,0.996969696969697,0.996969696969697,2.79906897999899,0.987951807228916,0.987951807228916,0.987951807228916,0.987951807228916,0.349843972002418
Datasets_all/AP_Breast_Prostate.csv,Weka. HoeffdingTree,,,,,2.11854462818813,,290,0.435646498507704,,,,,0.944668917049584,53,,,,,,,,,,,,,,,,0.827272727272727,0.827272727272727,0.827272727272727,0.827272727272727,2.68915487400227,0.855421686746988,0.855421686746988,0.855421686746988,0.855421686746988,0.001531079000415
Datasets_all/AP_Breast_Prostate.csv,Weka. HoeffdingTree,,,,,1.26258412405168,,420,2.64447459876452,,,,,0.944668917049584,28,,,,,,,,,,,,,,,,0.996969696969697,0.996969696969697,0.996969696969697,0.996969696969697,2.34566355099741,0.987951807228916,0.987951807228916,0.987951807228916,0.987951807228916,0.35107005700047
Datasets_all/AP_Breast_Prostate.csv,Weka. HoeffdingTree,,,,,0.630399329507692,,290,2.64447459876452,,,,,0.944668917049584,290,,,,,,,,,,,,,,,,0.827272727272727,0.827272727272727,0.827272727272727,0.827272727272727,3.15665653199903,0.855421686746988,0.855421686746988,0.855421686746988,0.855421686746988,0.001584051002283
Datasets_all/AP_Breast_Prostate.csv,Weka. HoeffdingTree,,,,,4.86600074015614,,290,4.62798319146331,,,,,0.780529176286455,459,,,,,,,,,,,,,,,,0.827272727272727,0.827272727272727,0.827272727272727,0.827272727272727,2.31530802700217,0.855421686746988,0.855421686746988,0.855421686746988,0.855421686746988,0.001557978001074
Datasets_all/AP_Breast_Prostate.csv,Weka. HoeffdingTree,,,,,0.090835802167496,,28,2.64447459876452,,,,,0.521848321750072,183,,,,,,,,,,,,,,,,0.875757575757576,0.875757575757576,0.875757575757576,0.875757575757576,5.19731998899806,0.903614457831325,0.903614457831325,0.903614457831325,0.903614457831325,0.001588574999914
Datasets_all/AP_Breast_Prostate.csv,Weka. HoeffdingTree,,,,,4.86600074015614,,459,0.101091987201629,,,,,0.461479362252932,128,,,,,,,,,,,,,,,,0.996969696969697,0.996969696969697,0.996969696969697,0.996969696969697,2.66651168300086,0.987951807228916,0.987951807228916,0.987951807228916,0.987951807228916,0.38412536100077
Datasets_all/AP_Breast_Prostate.csv,Weka. HoeffdingTree,,,,,0.630399329507692,,183,3.95862519041332,,,,,0.143353287409046,370,,,,,,,,,,,,,,,,0.993939393939394,0.993939393939394,0.993939393939394,0.993939393939394,3.27943410800071,0.975903614457831,0.975903614457831,0.975903614457831,0.975903614457831,0.001551506000396
Datasets_all/AP_Breast_Prostate.csv,Weka. HoeffdingTree,,,,,4.86600074015614,,183,0.435646498507704,,,,,0.978618342232764,28,,,,,,,,,,,,,,,,0.996969696969697,0.996969696969697,0.996969696969697,0.996969696969697,2.40700183900117,0.987951807228916,0.987951807228916,0.987951807228916,0.987951807228916,0.351686095000332
Datasets_all/AP_Breast_Prostate.csv,Weka. HoeffdingTree,,,,,4.86600074015614,,28,4.3500607412341,,,,,0.944668917049584,183,,,,,,,,,,,,,,,,0.827272727272727,0.827272727272727,0.827272727272727,0.827272727272727,3.17440768899905,0.855421686746988,0.855421686746988,0.855421686746988,0.855421686746988,0.001499653000792
Datasets_all/AP_Breast_Prostate.csv,Weka. HoeffdingTree,,,,,4.86600074015614,,290,0.101091987201629,,,,,0.143353287409046,53,,,,,,,,,,,,,,,,0.827272727272727,0.827272727272727,0.827272727272727,0.827272727272727,2.39969540999664,0.855421686746988,0.855421686746988,0.855421686746988,0.855421686746988,0.001492936000432
Datasets_all/AP_Breast_Prostate.csv,Weka. HoeffdingTree,,,,,95.9620812069692,,370,0.435646498507704,,,,,0.799158564216724,370,,,,,,,,,,,,,,,,0.827272727272727,0.827272727272727,0.827272727272727,0.827272727272727,2.24989121899853,0.855421686746988,0.855421686746988,0.855421686746988,0.855421686746988,0.001539163000416
Datasets_all/AP_Breast_Prostate.csv,Weka. HoeffdingTree,,,,,2.11854462818813,,290,4.3500607412341,,,,,0.143353287409046,0,,,,,,,,,,,,,,,,0.996969696969697,0.996969696969697,0.996969696969697,0.996969696969697,2.42783133299963,0.987951807228916,0.987951807228916,0.987951807228916,0.987951807228916,0.365062864999345
Datasets_all/AP_Breast_Prostate.csv,Weka. HoeffdingTree,,,,,2.11854462818813,,459,3.95862519041332,,,,,0.118274425868933,459,,,,,,,,,,,,,,,,0.827272727272727,0.827272727272727,0.827272727272727,0.827272727272727,2.25964816200576,0.855421686746988,0.855421686746988,0.855421686746988,0.855421686746988,0.001517302000138
Datasets_all/AP_Breast_Prostate.csv,Weka. HoeffdingTree,,,,,2.11854462818813,,370,0.355180290989435,,,,,0.780529176286455,28,,,,,,,,,,,,,,,,0.996969696969697,0.996969696969697,0.996969696969697,0.996969696969697,2.30797275799705,0.987951807228916,0.987951807228916,0.987951807228916,0.987951807228916,0.353842223998072
Datasets_all/AP_Breast_Prostate.csv,Weka. HoeffdingTree,,,,,0.660843682903067,,28,4.16309922773969,,,,,0.944668917049584,420,,,,,,,,,,,,,,,,0.875757575757576,0.875757575757576,0.875757575757576,0.875757575757576,5.22689805100163,0.903614457831325,0.903614457831325,0.903614457831325,0.903614457831325,0.001655402000324
Datasets_all/AP_Breast_Prostate.csv,Weka. Decision Table,,,,,mae,,,,False,,,,,,,,,,,,,,,19,,,,,,0.996969696969697,0.996969696969697,0.996969696969697,0.996969696969697,19.8659769829974,0.987951807228916,0.987951807228916,0.987951807228916,0.987951807228916,0.014569910999853
Datasets_all/AP_Breast_Prostate.csv,Weka. Decision Table,,,,,acc,,,,False,,,,,,,,,,,,,,,13,,,,,,0.996969696969697,0.996969696969697,0.996969696969697,0.996969696969697,15.0467583190002,0.987951807228916,0.987951807228916,0.987951807228916,0.987951807228916,0.014462200997514
Datasets_all/AP_Breast_Prostate.csv,Weka. Decision Table,,,,,acc,,,,True,,,,,,,,,,,,,,,19,,,,,,0.996969696969697,0.996969696969697,0.996969696969697,0.996969696969697,15.2905595680022,0.987951807228916,0.987951807228916,0.987951807228916,0.987951807228916,0.016317396999511
Datasets_all/AP_Breast_Prostate.csv,Weka. Decision Table,,,,,rmse,,,,True,,,,,,,,,,,,,,,9,,,,,,0.996969696969697,0.996969696969697,0.996969696969697,0.996969696969697,23.288014673999,0.975903614457831,0.975903614457831,0.975903614457831,0.975903614457831,0.016445110999484
Datasets_all/AP_Breast_Prostate.csv,Weka. Decision Table,,,,,rmse,,,,False,,,,,,,,,,,,,,,3,,,,,,0.996969696969697,0.996969696969697,0.996969696969697,0.996969696969697,22.1643453840006,0.963855421686747,0.963855421686747,0.963855421686747,0.963855421686747,0.014543031000358
Datasets_all/AP_Breast_Prostate.csv,Weka. Decision Table,,,,,rmse,,,,True,,,,,,,,,,,,,,,1,,,,,,0.996969696969697,0.996969696969697,0.996969696969697,0.996969696969697,18.2242223889953,0.987951807228916,0.987951807228916,0.987951807228916,0.987951807228916,0.016360136000003
Datasets_all/AP_Breast_Prostate.csv,Weka. Decision Table,,,,,acc,,,,True,,,,,,,,,,,,,,,13,,,,,,0.996969696969697,0.996969696969697,0.996969696969697,0.996969696969697,16.2523356489983,0.987951807228916,0.987951807228916,0.987951807228916,0.987951807228916,0.014381972996489
Datasets_all/AP_Breast_Prostate.csv,Weka. Decision Table,,,,,rmse,,,,False,,,,,,,,,,,,,,,19,,,,,,0.996969696969697,0.996969696969697,0.996969696969697,0.996969696969697,22.4885471110028,0.987951807228916,0.987951807228916,0.987951807228916,0.987951807228916,0.014445441000135
Datasets_all/AP_Breast_Prostate.csv,Weka. Decision Table,,,,,auc,,,,True,,,,,,,,,,,,,,,19,,,,,,1,1,1,1,21.917816373003,0.975903614457831,0.975903614457831,0.975903614457831,0.975903614457831,0.016357680997317
Datasets_all/AP_Breast_Prostate.csv,Weka. Decision Table,,,,,auc,,,,True,,,,,,,,,,,,,,,9,,,,,,1,1,1,1,21.508121234001,0.975903614457831,0.975903614457831,0.975903614457831,0.975903614457831,0.014414332999877
Datasets_all/AP_Breast_Prostate.csv,Weka. Decision Table,,,,,mae,,,,True,,,,,,,,,,,,,,,1,,,,,,0.996969696969697,0.996969696969697,0.996969696969697,0.996969696969697,18.0622655339976,0.987951807228916,0.987951807228916,0.987951807228916,0.987951807228916,0.014439552000113
Datasets_all/AP_Breast_Prostate.csv,Weka. Decision Table,,,,,rmse,,,,True,,,,,,,,,,,,,,,3,,,,,,0.996969696969697,0.996969696969697,0.996969696969697,0.996969696969697,22.7319168300019,0.963855421686747,0.963855421686747,0.963855421686747,0.963855421686747,0.014477870001429
Datasets_all/AP_Breast_Prostate.csv,Weka. Decision Table,,,,,mae,,,,True,,,,,,,,,,,,,,,9,,,,,,0.996969696969697,0.996969696969697,0.996969696969697,0.996969696969697,19.8313864009979,0.975903614457831,0.975903614457831,0.975903614457831,0.975903614457831,0.015099872001883
Datasets_all/AP_Breast_Prostate.csv,Weka. Decision Table,,,,,auc,,,,True,,,,,,,,,,,,,,,5,,,,,,1,1,1,1,21.4697992360016,0.975903614457831,0.975903614457831,0.975903614457831,0.975903614457831,0.01461264399768
Datasets_all/AP_Breast_Prostate.csv,Weka. Decision Table,,,,,auc,,,,False,,,,,,,,,,,,,,,9,,,,,,1,1,1,1,21.4534394859984,0.975903614457831,0.975903614457831,0.975903614457831,0.975903614457831,0.014366887000506
Datasets_all/AP_Breast_Prostate.csv,Weka. Decision Table,,,,,acc,,,,False,,,,,,,,,,,,,,,25,,,,,,0.996969696969697,0.996969696969697,0.996969696969697,0.996969696969697,16.4036284709982,0.987951807228916,0.987951807228916,0.987951807228916,0.987951807228916,0.016300008999679
Datasets_all/AP_Breast_Prostate.csv,Weka. Decision Table,,,,,mae,,,,False,,,,,,,,,,,,,,,13,,,,,,0.996969696969697,0.996969696969697,0.996969696969697,0.996969696969697,20.4038568020005,0.963855421686747,0.963855421686747,0.963855421686747,0.963855421686747,0.014375724000274
Datasets_all/AP_Breast_Prostate.csv,Weka. Decision Table,,,,,auc,,,,False,,,,,,,,,,,,,,,1,,,,,,1,1,1,1,21.3667553909981,0.975903614457831,0.975903614457831,0.975903614457831,0.975903614457831,0.014315727999929
Datasets_all/AP_Breast_Prostate.csv,Weka. Decision Table,,,,,auc,,,,True,,,,,,,,,,,,,,,3,,,,,,1,1,1,1,21.0958269799994,0.975903614457831,0.975903614457831,0.975903614457831,0.975903614457831,0.014325971998915
Datasets_all/AP_Breast_Prostate.csv,Weka. Decision Table,,,,,rmse,,,,False,,,,,,,,,,,,,,,9,,,,,,0.996969696969697,0.996969696969697,0.996969696969697,0.996969696969697,23.7661369570014,0.975903614457831,0.975903614457831,0.975903614457831,0.975903614457831,0.014372887999343
Datasets_all/AP_Breast_Prostate.csv,Weka. Decision Table,,,,,rmse,,,,False,,,,,,,,,,,,,,,13,,,,,,0.996969696969697,0.996969696969697,0.996969696969697,0.996969696969697,24.1974819079987,0.987951807228916,0.987951807228916,0.987951807228916,0.987951807228916,0.03075418500157
Datasets_all/AP_Breast_Prostate.csv,Weka. Decision Table,,,,,rmse,,,,True,,,,,,,,,,,,,,,25,,,,,,0.996969696969697,0.996969696969697,0.996969696969697,0.996969696969697,24.6257403910022,0.987951807228916,0.987951807228916,0.987951807228916,0.987951807228916,0.014267481998104
Datasets_all/AP_Breast_Prostate.csv,Weka. Decision Table,,,,,rmse,,,,True,,,,,,,,,,,,,,,5,,,,,,0.996969696969697,0.996969696969697,0.996969696969697,0.996969696969697,22.6168086380021,0.975903614457831,0.975903614457831,0.975903614457831,0.975903614457831,0.014422282998567
Datasets_all/AP_Breast_Prostate.csv,Weka. Decision Table,,,,,mae,,,,True,,,,,,,,,,,,,,,25,,,,,,0.996969696969697,0.996969696969697,0.996969696969697,0.996969696969697,20.8398869730008,0.963855421686747,0.963855421686747,0.963855421686747,0.963855421686747,0.017131261000031
Datasets_all/AP_Breast_Prostate.csv,Weka. Decision Table,,,,,rmse,,,,True,,,,,,,,,,,,,,,13,,,,,,0.996969696969697,0.996969696969697,0.996969696969697,0.996969696969697,24.2178841819987,0.987951807228916,0.987951807228916,0.987951807228916,0.987951807228916,0.016422844000772
Datasets_all/AP_Breast_Prostate.csv,Weka. OneR,,0,,,,,,,,,,,,,,,,,,,,,,,,,,,,1,1,1,1,0.930260113000259,0.783132530120482,0.783132530120482,0.783132530120482,0.783132530120482,0.001597729999048
Datasets_all/AP_Breast_Prostate.csv,Weka. OneR,,5,,,,,,,,,,,,,,,,,,,,,,,,,,,,0.996969696969697,0.996969696969697,0.996969696969697,0.996969696969697,1.18170719300178,0.987951807228916,0.987951807228916,0.987951807228916,0.987951807228916,0.001486448996729
Datasets_all/AP_Breast_Prostate.csv,Weka. OneR,,10,,,,,,,,,,,,,,,,,,,,,,,,,,,,0.996969696969697,0.996969696969697,0.996969696969697,0.996969696969697,0.74893923199852,0.987951807228916,0.987951807228916,0.987951807228916,0.987951807228916,0.001465295998059
Datasets_all/AP_Breast_Prostate.csv,Weka. OneR,,20,,,,,,,,,,,,,,,,,,,,,,,,,,,,0.996969696969697,0.996969696969697,0.996969696969697,0.996969696969697,0.715482403000351,0.987951807228916,0.987951807228916,0.987951807228916,0.987951807228916,0.001516177999292
Datasets_all/AP_Breast_Prostate.csv,Weka. OneR,,30,,,,,,,,,,,,,,,,,,,,,,,,,,,,0.996969696969697,0.996969696969697,0.996969696969697,0.996969696969697,0.754476103003981,0.987951807228916,0.987951807228916,0.987951807228916,0.987951807228916,0.001538393000374
Datasets_all/AP_Breast_Prostate.csv,Weka. OneR,,40,,,,,,,,,,,,,,,,,,,,,,,,,,,,0.996969696969697,0.996969696969697,0.996969696969697,0.996969696969697,0.691086318998714,0.987951807228916,0.987951807228916,0.987951807228916,0.987951807228916,0.001490327998908
Datasets_all/AP_Breast_Prostate.csv,Weka. OneR,,50,,,,,,,,,,,,,,,,,,,,,,,,,,,,0.996969696969697,0.996969696969697,0.996969696969697,0.996969696969697,0.751631838000321,0.987951807228916,0.987951807228916,0.987951807228916,0.987951807228916,0.00154952199955
Datasets_all/AP_Breast_Prostate.csv,Weka. OneR,,60,,,,,,,,,,,,,,,,,,,,,,,,,,,,0.996969696969697,0.996969696969697,0.996969696969697,0.996969696969697,0.750062399998569,0.987951807228916,0.987951807228916,0.987951807228916,0.987951807228916,0.001567680003063
Datasets_all/AP_Breast_Prostate.csv,Weka. OneR,,70,,,,,,,,,,,,,,,,,,,,,,,,,,,,0.996969696969697,0.996969696969697,0.996969696969697,0.996969696969697,0.738562590995571,0.987951807228916,0.987951807228916,0.987951807228916,0.987951807228916,0.001540994999232
Datasets_all/AP_Breast_Prostate.csv,Weka. OneR,,80,,,,,,,,,,,,,,,,,,,,,,,,,,,,0.996969696969697,0.996969696969697,0.996969696969697,0.996969696969697,0.74897562300248,0.987951807228916,0.987951807228916,0.987951807228916,0.987951807228916,0.001548063002701
Datasets_all/AP_Breast_Prostate.csv,Weka. OneR,,90,,,,,,,,,,,,,,,,,,,,,,,,,,,,0.996969696969697,0.996969696969697,0.996969696969697,0.996969696969697,0.748970766995626,0.987951807228916,0.987951807228916,0.987951807228916,0.987951807228916,0.001565138998558
Datasets_all/AP_Breast_Prostate.csv,Weka. OneR,,100,,,,,,,,,,,,,,,,,,,,,,,,,,,,0.996969696969697,0.996969696969697,0.996969696969697,0.996969696969697,0.754608558996551,0.987951807228916,0.987951807228916,0.987951807228916,0.987951807228916,0.001563895999425
Datasets_all/AP_Breast_Prostate.csv,Weka. SMO,,,0.002594274432495,,,,,,,,,0.832380786423536,False,0,,0.0619978006782,,,,,,0,5,,,,,,,0.827272727272727,0.827272727272727,0.827272727272727,0.827272727272727,0.170568757996079,0.855421686746988,0.855421686746988,0.855421686746988,0.855421686746988,0.006984909003222
Datasets_all/AP_Breast_Prostate.csv,Weka. SMO,,,0.00116227123064,,,,,,,,,0.832380786423536,True,1,,0.017696004406562,,,,,,0,8,,,,,,,0.827272727272727,0.827272727272727,0.827272727272727,0.827272727272727,0.377029341001617,0.855421686746988,0.855421686746988,0.855421686746988,0.855421686746988,0.007040715001494
Datasets_all/AP_Breast_Prostate.csv,Weka. SMO,,,19.9143015920346,,,,,,,,,0.00213867820579,True,2,,0.01950880218493,,,,,,0,8,,,,,,,0.827272727272727,0.827272727272727,0.827272727272727,0.827272727272727,0.180382708000252,0.855421686746988,0.855421686746988,0.855421686746988,0.855421686746988,0.002296079997905
Datasets_all/AP_Breast_Prostate.csv,Weka. SMO,,,60.7738537523593,,,,,,,,,10.3592621307906,True,1,,0.041344423852603,,,,,,0,12,,,,,,,0.827272727272727,0.827272727272727,0.827272727272727,0.827272727272727,0.254416148000018,0.855421686746988,0.855421686746988,0.855421686746988,0.855421686746988,0.007335892998526
Datasets_all/AP_Breast_Prostate.csv,Weka. SMO,,,0.00116227123064,,,,,,,,,0.832380786423536,False,1,,0.775412078695675,,,,,,0,5,,,,,,,0.827272727272727,0.827272727272727,0.827272727272727,0.827272727272727,0.148200780000479,0.855421686746988,0.855421686746988,0.855421686746988,0.855421686746988,0.006186918999447
Datasets_all/AP_Breast_Prostate.csv,Weka. SMO,,,19.9143015920346,,,,,,,,,0.002594274432495,False,2,,0.042497693610663,,,,,,0,5,,,,,,,0.827272727272727,0.827272727272727,0.827272727272727,0.827272727272727,0.034309620998101,0.855421686746988,0.855421686746988,0.855421686746988,0.855421686746988,0.002214921998529
Datasets_all/AP_Breast_Prostate.csv,Weka. SMO,,,10.3592621307906,,,,,,,,,19.9143015920346,False,2,,0.013354399895883,,,,,,0,12,,,,,,,0.827272727272727,0.827272727272727,0.827272727272727,0.827272727272727,0.023376473000099,0.855421686746988,0.855421686746988,0.855421686746988,0.855421686746988,0.002420762000838
Datasets_all/AP_Breast_Prostate.csv,Weka. SMO,,,60.7738537523593,,,,,,,,,0.832380786423536,False,0,,0.042497693610663,,,,,,0,12,,,,,,,1,1,1,1,0.123894306001603,0.987951807228916,0.987951807228916,0.987951807228916,0.987951807228916,0.014942465000786
Datasets_all/AP_Breast_Prostate.csv,Weka. SMO,,,60.7738537523593,,,,,,,,,10.3592621307906,True,0,,0.041344423852603,,,,,,0,5,,,,,,,0.827272727272727,0.827272727272727,0.827272727272727,0.827272727272727,0.114413949999289,0.855421686746988,0.855421686746988,0.855421686746988,0.855421686746988,0.007485681999242
Datasets_all/AP_Breast_Prostate.csv,Weka. SMO,,,0.52034617748814,,,,,,,,,12.1910302630853,True,1,,0.13619406860195,,,,,,0,12,,,,,,,0.827272727272727,0.827272727272727,0.827272727272727,0.827272727272727,0.249191330996837,0.855421686746988,0.855421686746988,0.855421686746988,0.855421686746988,0.006245429001865
Datasets_all/AP_Breast_Prostate.csv,Weka. SMO,,,0.832380786423536,,,,,,,,,0.00116227123064,False,0,,0.13619406860195,,,,,,0,12,,,,,,,0.827272727272727,0.827272727272727,0.827272727272727,0.827272727272727,0.072918313002447,0.855421686746988,0.855421686746988,0.855421686746988,0.855421686746988,0.007742330999463
Datasets_all/AP_Breast_Prostate.csv,Weka. SMO,,,31.1915049020949,,,,,,,,,0.002594274432495,False,2,,0.01950880218493,,,,,,0,8,,,,,,,0.827272727272727,0.827272727272727,0.827272727272727,0.827272727272727,0.033565580000868,0.855421686746988,0.855421686746988,0.855421686746988,0.855421686746988,0.002269186999911
Datasets_all/AP_Breast_Prostate.csv,Weka. SMO,,,10.3592621307906,,,,,,,,,31.1915049020949,True,2,,0.468795333678921,,,,,,0,15,,,,,,,0.827272727272727,0.827272727272727,0.827272727272727,0.827272727272727,0.161878742997942,0.855421686746988,0.855421686746988,0.855421686746988,0.855421686746988,0.00226807999934
Datasets_all/AP_Breast_Prostate.csv,Weka. SMO,,,10.3592621307906,,,,,,,,,12.1910302630853,True,1,,0.468795333678921,,,,,,0,3,,,,,,,0.827272727272727,0.827272727272727,0.827272727272727,0.827272727272727,0.160205688000133,0.855421686746988,0.855421686746988,0.855421686746988,0.855421686746988,0.007005095998466
Datasets_all/AP_Breast_Prostate.csv,Weka. SMO,,,0.52034617748814,,,,,,,,,10.3592621307906,False,1,,0.017696004406562,,,,,,0,3,,,,,,,0.827272727272727,0.827272727272727,0.827272727272727,0.827272727272727,0.140787741998793,0.855421686746988,0.855421686746988,0.855421686746988,0.855421686746988,0.006197208000231
Datasets_all/AP_Breast_Prostate.csv,Weka. SMO,,,31.1915049020949,,,,,,,,,0.832380786423536,True,2,,0.017696004406562,,,,,,0,20,,,,,,,0.827272727272727,0.827272727272727,0.827272727272727,0.827272727272727,0.425645683000766,0.855421686746988,0.855421686746988,0.855421686746988,0.855421686746988,0.002266477000376
Datasets_all/AP_Breast_Prostate.csv,Weka. SMO,,,0.00116227123064,,,,,,,,,0.52034617748814,True,1,,0.775412078695675,,,,,,0,5,,,,,,,0.827272727272727,0.827272727272727,0.827272727272727,0.827272727272727,0.254461279997486,0.855421686746988,0.855421686746988,0.855421686746988,0.855421686746988,0.006991170997935
Datasets_all/AP_Breast_Prostate.csv,Weka. SMO,,,0.00213867820579,,,,,,,,,60.7738537523593,True,2,,0.0619978006782,,,,,,0,-1,,,,,,,0.827272727272727,0.827272727272727,0.827272727272727,0.827272727272727,0.02394396699674,0.855421686746988,0.855421686746988,0.855421686746988,0.855421686746988,0.002266837000207
Datasets_all/AP_Breast_Prostate.csv,Weka. SMO,,,0.00213867820579,,,,,,,,,0.002594274432495,True,1,,0.775412078695675,,,,,,0,3,,,,,,,0.827272727272727,0.827272727272727,0.827272727272727,0.827272727272727,0.187794053003017,0.855421686746988,0.855421686746988,0.855421686746988,0.855421686746988,0.006290040000749
Datasets_all/AP_Breast_Prostate.csv,Weka. SMO,,,31.1915049020949,,,,,,,,,60.7738537523593,True,2,,0.468795333678921,,,,,,0,3,,,,,,,0.827272727272727,0.827272727272727,0.827272727272727,0.827272727272727,0.046922204001021,0.855421686746988,0.855421686746988,0.855421686746988,0.855421686746988,0.002229141999123
Datasets_all/AP_Breast_Prostate.csv,Weka. SMO,,,60.7738537523593,,,,,,,,,0.00116227123064,False,0,,0.0619978006782,,,,,,0,12,,,,,,,0.993939393939394,0.993939393939394,0.993939393939394,0.993939393939394,0.094528182999056,0.963855421686747,0.963855421686747,0.963855421686747,0.963855421686747,0.013003856998694
Datasets_all/AP_Breast_Prostate.csv,Weka. SMO,,,10.3592621307906,,,,,,,,,0.00116227123064,False,0,,0.083848707225718,,,,,,0,12,,,,,,,0.993939393939394,0.993939393939394,0.993939393939394,0.993939393939394,0.083796043996699,0.975903614457831,0.975903614457831,0.975903614457831,0.975903614457831,0.014807793999353
Datasets_all/AP_Breast_Prostate.csv,Weka. SMO,,,0.00116227123064,,,,,,,,,0.00116227123064,False,2,,0.468795333678921,,,,,,0,15,,,,,,,0.827272727272727,0.827272727272727,0.827272727272727,0.827272727272727,0.03343989700079,0.855421686746988,0.855421686746988,0.855421686746988,0.855421686746988,0.002235949999886
Datasets_all/AP_Breast_Prostate.csv,Weka. SMO,,,31.1915049020949,,,,,,,,,19.9143015920346,True,1,,0.083848707225718,,,,,,0,12,,,,,,,0.827272727272727,0.827272727272727,0.827272727272727,0.827272727272727,0.245721553001204,0.855421686746988,0.855421686746988,0.855421686746988,0.855421686746988,0.006330578999041
Datasets_all/AP_Breast_Prostate.csv,Weka. SMO,,,0.00116227123064,,,,,,,,,0.00213867820579,True,2,,0.775412078695675,,,,,,0,8,,,,,,,0.827272727272727,0.827272727272727,0.827272727272727,0.827272727272727,0.179135751001013,0.855421686746988,0.855421686746988,0.855421686746988,0.855421686746988,0.002280954999151
Datasets_all/AP_Breast_Prostate.csv,Weka. Simple Logistic,False,,,,,,,20,193,,,,242,,,False,,,False,,,88.7534150841457,,,,,,,,0.827272727272727,0.827272727272727,0.827272727272727,0.827272727272727,0.077234104999661,0.855421686746988,0.855421686746988,0.855421686746988,0.855421686746988,0.015956736002409
Datasets_all/AP_Breast_Prostate.csv,Weka. Simple Logistic,True,,,,,,,0,193,,,,174,,,False,,,True,,,20.758279153498,,,,,,,,0.827272727272727,0.827272727272727,0.827272727272727,0.827272727272727,0.07682205799938,0.855421686746988,0.855421686746988,0.855421686746988,0.855421686746988,0.015798934000486
Datasets_all/AP_Breast_Prostate.csv,Weka. Simple Logistic,True,,,,,,,0,88,,,,277,,,False,,,True,,,31.2196311445585,,,,,,,,0.827272727272727,0.827272727272727,0.827272727272727,0.827272727272727,0.07927436600221,0.855421686746988,0.855421686746988,0.855421686746988,0.855421686746988,0.017616181001358
Datasets_all/AP_Breast_Prostate.csv,Weka. Simple Logistic,True,,,,,,,0,117,,,,9,,,True,,,False,,,2.17724967781853,,,,,,,,0.827272727272727,0.827272727272727,0.827272727272727,0.827272727272727,0.093800464001106,0.855421686746988,0.855421686746988,0.855421686746988,0.855421686746988,0.015870989001996
Datasets_all/AP_Breast_Prostate.csv,Weka. Simple Logistic,False,,,,,,,50,70,,,,165,,,False,,,True,,,0.052274527366855,,,,,,,,0.996969696969697,0.996969696969697,0.996969696969697,0.996969696969697,0.254559785000311,0.975903614457831,0.975903614457831,0.975903614457831,0.975903614457831,0.014127221998933
Datasets_all/AP_Breast_Prostate.csv,Weka. Simple Logistic,True,,,,,,,100,251,,,,277,,,True,,,True,,,31.2196311445585,,,,,,,,0.827272727272727,0.827272727272727,0.827272727272727,0.827272727272727,0.079894327998773,0.855421686746988,0.855421686746988,0.855421686746988,0.855421686746988,0.015869880000537
Datasets_all/AP_Breast_Prostate.csv,Weka. Simple Logistic,True,,,,,,,20,39,,,,174,,,False,,,False,,,13.6116905635148,,,,,,,,0.827272727272727,0.827272727272727,0.827272727272727,0.827272727272727,0.071712230997946,0.855421686746988,0.855421686746988,0.855421686746988,0.855421686746988,0.013802860001306
Datasets_all/AP_Breast_Prostate.csv,Weka. Simple Logistic,False,,,,,,,20,172,,,,277,,,True,,,True,,,0.075690583250286,,,,,,,,1,1,1,1,0.25950137199834,0.987951807228916,0.987951807228916,0.987951807228916,0.987951807228916,0.013765313000477
Datasets_all/AP_Breast_Prostate.csv,Weka. Simple Logistic,False,,,,,,,70,251,,,,242,,,True,,,True,,,31.2196311445585,,,,,,,,0.827272727272727,0.827272727272727,0.827272727272727,0.827272727272727,0.071190863000084,0.855421686746988,0.855421686746988,0.855421686746988,0.855421686746988,0.013797799998429
Datasets_all/AP_Breast_Prostate.csv,Weka. Simple Logistic,True,,,,,,,100,165,,,,47,,,True,,,False,,,0.268017378153965,,,,,,,,0.984848484848485,0.984848484848485,0.984848484848485,0.984848484848485,0.24113207100163,0.927710843373494,0.927710843373494,0.927710843373494,0.927710843373494,0.015855879999435
Datasets_all/AP_Breast_Prostate.csv,Weka. Simple Logistic,False,,,,,,,70,174,,,,174,,,False,,,True,,,0.004913392518921,,,,,,,,1,1,1,1,0.58657903600033,0.975903614457831,0.975903614457831,0.975903614457831,0.975903614457831,0.014720515999216
Datasets_all/AP_Breast_Prostate.csv,Weka. Simple Logistic,True,,,,,,,100,172,,,,87,,,True,,,True,,,0.268017378153965,,,,,,,,0.987878787878788,0.987878787878788,0.987878787878788,0.987878787878788,0.23676753500331,0.939759036144578,0.939759036144578,0.939759036144578,0.939759036144578,0.015917698001431
Datasets_all/AP_Breast_Prostate.csv,Weka. Simple Logistic,True,,,,,,,70,87,,,,39,,,True,,,True,,,0.470353732326079,,,,,,,,0.96969696969697,0.96969696969697,0.96969696969697,0.96969696969697,0.179430989002867,0.963855421686747,0.963855421686747,0.963855421686747,0.963855421686747,0.013786833998893
Datasets_all/AP_Breast_Prostate.csv,Weka. Simple Logistic,True,,,,,,,100,39,,,,193,,,True,,,True,,,0,,,,,,,,1,1,1,1,0.689680767001846,0.975903614457831,0.975903614457831,0.975903614457831,0.975903614457831,0.013799573000142
Datasets_all/AP_Breast_Prostate.csv,Weka. Simple Logistic,False,,,,,,,20,192,,,,165,,,True,,,True,,,0.075690583250286,,,,,,,,1,1,1,1,0.260750752000604,0.987951807228916,0.987951807228916,0.987951807228916,0.987951807228916,0.013799438002025
Datasets_all/AP_Breast_Prostate.csv,Weka. Simple Logistic,False,,,,,,,50,172,,,,9,,,True,,,True,,,31.2196311445585,,,,,,,,0.827272727272727,0.827272727272727,0.827272727272727,0.827272727272727,0.071203944000445,0.855421686746988,0.855421686746988,0.855421686746988,0.855421686746988,0.016539169999305
Datasets_all/AP_Breast_Prostate.csv,Weka. Simple Logistic,False,,,,,,,70,211,,,,211,,,False,,,True,,,0.268017378153965,,,,,,,,0.987878787878788,0.987878787878788,0.987878787878788,0.987878787878788,0.252341984003579,0.939759036144578,0.939759036144578,0.939759036144578,0.939759036144578,0.015833710996958
Datasets_all/AP_Breast_Prostate.csv,Weka. Simple Logistic,True,,,,,,,50,117,,,,87,,,True,,,True,,,0.004913392518921,,,,,,,,1,1,1,1,0.509333501999208,0.975903614457831,0.975903614457831,0.975903614457831,0.975903614457831,0.013793916001305
Datasets_all/AP_Breast_Prostate.csv,Weka. Simple Logistic,False,,,,,,,100,9,,,,277,,,True,,,False,,,0.470353732326079,,,,,,,,1,1,1,1,0.102934380000079,0.963855421686747,0.963855421686747,0.963855421686747,0.963855421686747,0.013750050002273
Datasets_all/AP_Breast_Prostate.csv,Weka. Simple Logistic,False,,,,,,,100,193,,,,165,,,True,,,True,,,0.075690583250286,,,,,,,,1,1,1,1,0.264781586996833,0.987951807228916,0.987951807228916,0.987951807228916,0.987951807228916,0.013788396001473
Datasets_all/AP_Breast_Prostate.csv,Weka. Simple Logistic,True,,,,,,,70,242,,,,277,,,False,,,True,,,0.470353732326079,,,,,,,,0.972727272727273,0.972727272727273,0.972727272727273,0.972727272727273,0.26859859400065,0.975903614457831,0.975903614457831,0.975903614457831,0.975903614457831,0.013831401000061
Datasets_all/AP_Breast_Prostate.csv,Weka. Simple Logistic,True,,,,,,,100,87,,,,39,,,True,,,False,,,2.17724967781853,,,,,,,,0.827272727272727,0.827272727272727,0.827272727272727,0.827272727272727,0.070936132997304,0.855421686746988,0.855421686746988,0.855421686746988,0.855421686746988,0.014807010000368
Datasets_all/AP_Breast_Prostate.csv,Weka. Simple Logistic,False,,,,,,,70,211,,,,277,,,True,,,True,,,0.268017378153965,,,,,,,,0.987878787878788,0.987878787878788,0.987878787878788,0.987878787878788,0.257000592999248,0.939759036144578,0.939759036144578,0.939759036144578,0.939759036144578,0.013776355001028
Datasets_all/AP_Breast_Prostate.csv,Weka. Simple Logistic,True,,,,,,,50,39,,,,9,,,True,,,True,,,31.2196311445585,,,,,,,,0.827272727272727,0.827272727272727,0.827272727272727,0.827272727272727,0.071078584998759,0.855421686746988,0.855421686746988,0.855421686746988,0.855421686746988,0.014018582998688
Datasets_all/AP_Breast_Prostate.csv,Weka. Simple Logistic,True,,,,,,,100,193,,,,277,,,True,,,False,,,31.2196311445585,,,,,,,,0.827272727272727,0.827272727272727,0.827272727272727,0.827272727272727,0.071291724998446,0.855421686746988,0.855421686746988,0.855421686746988,0.855421686746988,0.015850370997214
Datasets_all/AP_Breast_Prostate.csv,Weka. Bagging,,,,,,,,,242,,,,,,False,40,,,0,,,weka.classifiers.trees.REPTree,,,,,,,,0.996969696969697,0.996969696969697,0.996969696969697,0.996969696969697,36.5888630990012,0.987951807228916,0.987951807228916,0.987951807228916,0.987951807228916,0.002636462999362
Datasets_all/AP_Breast_Prostate.csv,Weka. Bagging,,,,,,,,,70,,,,,,True,50,,,0,,,weka.classifiers.trees.REPTree,,,,,,,,0.996969696969697,0.996969696969697,0.996969696969697,0.996969696969697,13.6484044989993,0.987951807228916,0.987951807228916,0.987951807228916,0.987951807228916,0.001786877997802
Datasets_all/AP_Breast_Prostate.csv,Weka. Bagging,,,,,,,,,251,,,,,,True,90,,,0,,,weka.classifiers.trees.J48,,,,,,,,0.996969696969697,0.996969696969697,0.996969696969697,0.996969696969697,153.333367913001,0.987951807228916,0.987951807228916,0.987951807228916,0.987951807228916,0.004716605002614
Datasets_all/AP_Breast_Prostate.csv,Weka. Bagging,,,,,,,,,39,,,,,,False,50,,,0,,,weka.classifiers.trees.REPTree,,,,,,,,0.996969696969697,0.996969696969697,0.996969696969697,0.996969696969697,7.57739842599767,0.987951807228916,0.987951807228916,0.987951807228916,0.987951807228916,0.001700681001239
Datasets_all/AP_Breast_Prostate.csv,Weka. Bagging,,,,,,,,,193,,,,,,False,70,,,0,,,weka.classifiers.trees.REPTree,,,,,,,,0.996969696969697,0.996969696969697,0.996969696969697,0.996969696969697,53.8072162549979,0.987951807228916,0.987951807228916,0.987951807228916,0.987951807228916,0.002114047001669
Datasets_all/AP_Breast_Prostate.csv,Weka. Bagging,,,,,,,,,277,,,,,,True,70,,,0,,,weka.classifiers.trees.REPTree,,,,,,,,0.996969696969697,0.996969696969697,0.996969696969697,0.996969696969697,75.9715970670004,0.987951807228916,0.987951807228916,0.987951807228916,0.987951807228916,0.002287266997882
Datasets_all/AP_Breast_Prostate.csv,Weka. Bagging,,,,,,,,,9,,,,,,True,70,,,0,,,weka.classifiers.trees.REPTree,,,,,,,,0.996969696969697,0.996969696969697,0.996969696969697,0.996969696969697,2.45668390300125,0.987951807228916,0.987951807228916,0.987951807228916,0.987951807228916,0.001579119998496
Datasets_all/AP_Breast_Prostate.csv,Weka. Bagging,,,,,,,,,9,,,,,,True,90,,,0,,,weka.classifiers.trees.J48,,,,,,,,1,1,1,1,5.20714345799934,0.987951807228916,0.987951807228916,0.987951807228916,0.987951807228916,0.001601669002412
Datasets_all/AP_Breast_Prostate.csv,Weka. Bagging,,,,,,,,,39,,,,,,False,60,,,0,,,weka.classifiers.trees.J48,,,,,,,,1,1,1,1,13.4724590589976,0.987951807228916,0.987951807228916,0.987951807228916,0.987951807228916,0.001837268002419
Datasets_all/AP_Breast_Prostate.csv,Weka. Bagging,,,,,,,,,88,,,,,,False,20,,,0,,,weka.classifiers.trees.J48,,,,,,,,0.996969696969697,0.996969696969697,0.996969696969697,0.996969696969697,9.05973759700282,0.987951807228916,0.987951807228916,0.987951807228916,0.987951807228916,0.002266999999847
Datasets_all/AP_Breast_Prostate.csv,Weka. Bagging,,,,,,,,,292,,,,,,True,70,,,0,,,weka.classifiers.trees.REPTree,,,,,,,,0.996969696969697,0.996969696969697,0.996969696969697,0.996969696969697,80.7049148239967,0.987951807228916,0.987951807228916,0.987951807228916,0.987951807228916,0.002596023001388
Datasets_all/AP_Breast_Prostate.csv,Weka. Bagging,,,,,,,,,117,,,,,,True,10,,,0,,,weka.classifiers.trees.REPTree,,,,,,,,0.924242424242424,0.924242424242424,0.924242424242424,0.924242424242424,4.20531259300333,0.903614457831325,0.903614457831325,0.903614457831325,0.903614457831325,0.002028525999776
Datasets_all/AP_Breast_Prostate.csv,Weka. Bagging,,,,,,,,,172,,,,,,False,50,,,0,,,weka.classifiers.trees.REPTree,,,,,,,,0.996969696969697,0.996969696969697,0.996969696969697,0.996969696969697,33.2319715079975,0.987951807228916,0.987951807228916,0.987951807228916,0.987951807228916,0.002139449999959
Datasets_all/AP_Breast_Prostate.csv,Weka. Bagging,,,,,,,,,192,,,,,,True,100,,,0,,,weka.classifiers.trees.J48,,,,,,,,0.996969696969697,0.996969696969697,0.996969696969697,0.996969696969697,132.279935457002,0.987951807228916,0.987951807228916,0.987951807228916,0.987951807228916,0.003084734998993
Datasets_all/AP_Breast_Prostate.csv,Weka. Bagging,,,,,,,,,165,,,,,,True,80,,,0,,,weka.classifiers.trees.J48,,,,,,,,0.996969696969697,0.996969696969697,0.996969696969697,0.996969696969697,78.3394115800002,0.987951807228916,0.987951807228916,0.987951807228916,0.987951807228916,0.00286702700032
Datasets_all/AP_Breast_Prostate.csv,Weka. Bagging,,,,,,,,,87,,,,,,True,100,,,0,,,weka.classifiers.trees.REPTree,,,,,,,,1,1,1,1,35.8335772999962,0.987951807228916,0.987951807228916,0.987951807228916,0.987951807228916,0.001897090998682
Datasets_all/AP_Breast_Prostate.csv,Weka. Bagging,,,,,,,,,174,,,,,,False,90,,,0,,,weka.classifiers.trees.REPTree,,,,,,,,1,1,1,1,64.098463139002,0.987951807228916,0.987951807228916,0.987951807228916,0.987951807228916,0.002165778001654
Datasets_all/AP_Breast_Prostate.csv,Weka. Bagging,,,,,,,,,195,,,,,,True,100,,,0,,,weka.classifiers.trees.J48,,,,,,,,0.996969696969697,0.996969696969697,0.996969696969697,0.996969696969697,132.378815425996,0.987951807228916,0.987951807228916,0.987951807228916,0.987951807228916,0.003106230000412
Datasets_all/AP_Breast_Prostate.csv,Weka. Bagging,,,,,,,,,70,,,,,,True,90,,,0,,,weka.classifiers.trees.REPTree,,,,,,,,1,1,1,1,25.8861929780032,0.987951807228916,0.987951807228916,0.987951807228916,0.987951807228916,0.001832771999034
Datasets_all/AP_Breast_Prostate.csv,Weka. Bagging,,,,,,,,,174,,,,,,True,80,,,0,,,weka.classifiers.trees.J48,,,,,,,,0.996969696969697,0.996969696969697,0.996969696969697,0.996969696969697,88.5741222939978,0.987951807228916,0.987951807228916,0.987951807228916,0.987951807228916,0.0029597870016
Datasets_all/AP_Breast_Prostate.csv,Weka. Bagging,,,,,,,,,251,,,,,,True,70,,,0,,,weka.classifiers.trees.REPTree,,,,,,,,0.996969696969697,0.996969696969697,0.996969696969697,0.996969696969697,69.6035919130045,0.987951807228916,0.987951807228916,0.987951807228916,0.987951807228916,0.002467963997333
Datasets_all/AP_Breast_Prostate.csv,Weka. Bagging,,,,,,,,,70,,,,,,False,100,,,0,,,weka.classifiers.trees.J48,,,,,,,,1,1,1,1,48.8105956729996,0.987951807228916,0.987951807228916,0.987951807228916,0.987951807228916,0.002170423002099
Datasets_all/AP_Breast_Prostate.csv,Weka. Bagging,,,,,,,,,251,,,,,,False,80,,,0,,,weka.classifiers.trees.J48,,,,,,,,0.996969696969697,0.996969696969697,0.996969696969697,0.996969696969697,130.456979501996,0.987951807228916,0.987951807228916,0.987951807228916,0.987951807228916,0.00354033199983
Datasets_all/AP_Breast_Prostate.csv,Weka. Bagging,,,,,,,,,174,,,,,,False,80,,,0,,,weka.classifiers.trees.J48,,,,,,,,0.996969696969697,0.996969696969697,0.996969696969697,0.996969696969697,90.144445443002,0.987951807228916,0.987951807228916,0.987951807228916,0.987951807228916,0.003016398000909
Datasets_all/AP_Breast_Prostate.csv,Weka. Bagging,,,,,,,,,193,,,,,,True,80,,,0,,,weka.classifiers.trees.J48,,,,,,,,0.996969696969697,0.996969696969697,0.996969696969697,0.996969696969697,98.8820445339989,0.987951807228916,0.987951807228916,0.987951807228916,0.987951807228916,0.002910024999437
Datasets_all/AP_Breast_Prostate.csv,Weka. Logic Boost,,,,,,,,0.437031953799342,243,,,-195729609428.839,,,,80,False,,0,,,,,,,36,,,,1,1,1,1,20.2860159039992,0.987951807228916,0.987951807228916,0.987951807228916,0.987951807228916,0.013562871998147
Datasets_all/AP_Breast_Prostate.csv,Weka. Logic Boost,,,,,,,,0.616933996874757,99,,,-9744803446.2489,,,,10,True,,0,,,,,,,21,,,,,,,,,,,,,
Datasets_all/AP_Breast_Prostate.csv,Weka. Logic Boost,,,,,,,,0.943748078514624,151,,,-195729609428.839,,,,90,True,,0,,,,,,,39,,,,,,,,,,,,,
Datasets_all/AP_Breast_Prostate.csv,Weka. Logic Boost,,,,,,,,0.359507900573786,285,,,-2980.95798704173,,,,40,False,,0,,,,,,,36,,,,1,1,1,1,10.2145117650034,0.987951807228916,0.987951807228916,0.987951807228916,0.987951807228916,0.00289936000263
Datasets_all/AP_Breast_Prostate.csv,Weka. Logic Boost,,,,,,,,0.681820299103483,28,,,-403.428793492735,,,,50,True,,0,,,,,,,9,,,,,,,,,,,,,
Datasets_all/AP_Breast_Prostate.csv,Weka. Logic Boost,,,,,,,,0.616933996874757,32,,,-1096.63315842846,,,,20,True,,0,,,,,,,36,,,,,,,,,,,,,
Datasets_all/AP_Breast_Prostate.csv,Weka. Logic Boost,,,,,,,,0.568433948868648,244,,,-148.413159102577,,,,70,False,,0,,,,,,,44,,,,1,1,1,1,13.7294446790038,0.987951807228916,0.987951807228916,0.987951807228916,0.987951807228916,0.002369204998104
Datasets_all/AP_Breast_Prostate.csv,Weka. Logic Boost,,,,,,,,0.617635497075877,151,,,-178482300.963187,,,,80,True,,0,,,,,,,9,,,,,,,,,,,,,
Datasets_all/AP_Breast_Prostate.csv,Weka. Logic Boost,,,,,,,,0.437031953799342,285,,,-1.79769313486232E+308,,,,20,False,,0,,,,,,,21,,,,1,1,1,1,21.0462863200046,0.987951807228916,0.987951807228916,0.987951807228916,0.987951807228916,0.003722479999851
Datasets_all/AP_Breast_Prostate.csv,Weka. Logic Boost,,,,,,,,0.681820299103483,285,,,-162754.791419004,,,,70,False,,0,,,,,,,21,,,,1,1,1,1,13.0830909260003,0.987951807228916,0.987951807228916,0.987951807228916,0.987951807228916,0.0028423679978
Datasets_all/AP_Breast_Prostate.csv,Weka. Logic Boost,,,,,,,,0.617635497075877,202,,,-1202604.28416478,,,,90,False,,0,,,,,,,39,,,,1,1,1,1,18.318104859005,0.987951807228916,0.987951807228916,0.987951807228916,0.987951807228916,0.002139300999261
Datasets_all/AP_Breast_Prostate.csv,Weka. Logic Boost,,,,,,,,0.616933996874757,147,,,-148.413159102577,,,,10,False,,0,,,,,,,44,,,,0.993939393939394,0.993939393939394,0.993939393939394,0.993939393939394,6.82510939599888,0.975903614457831,0.975903614457831,0.975903614457831,0.975903614457831,0.015488477001782
Datasets_all/AP_Breast_Prostate.csv,Weka. Logic Boost,,,,,,,,0.681820299103483,185,,,-148.413159102577,,,,10,False,,0,,,,,,,44,,,,1,1,1,1,8.17237603199828,0.963855421686747,0.963855421686747,0.963855421686747,0.963855421686747,0.002789312999084
Datasets_all/AP_Breast_Prostate.csv,Weka. Logic Boost,,,,,,,,0.943748078514624,177,,,-442413.392008921,,,,80,False,,0,,,,,,,19,,,,1,1,1,1,12.6370624470001,0.987951807228916,0.987951807228916,0.987951807228916,0.987951807228916,0.002234477000457
Datasets_all/AP_Breast_Prostate.csv,Weka. Logic Boost,,,,,,,,0.943748078514624,163,,,-8103.08392757538,,,,30,True,,0,,,,,,,3,,,,,,,,,,,,,
Datasets_all/AP_Breast_Prostate.csv,Weka. Logic Boost,,,,,,,,0.018789800436355,127,,,-485165195.40979,,,,20,False,,0,,,,,,,47,,,,1,1,1,1,17.4631336060011,0.987951807228916,0.987951807228916,0.987951807228916,0.987951807228916,0.002204567997978
Datasets_all/AP_Breast_Prostate.csv,Weka. Logic Boost,,,,,,,,0.681820299103483,127,,,-1.79769313486232E+308,,,,90,True,,0,,,,,,,39,,,,,,,,,,,,,
Datasets_all/AP_Breast_Prostate.csv,Weka. Logic Boost,,,,,,,,0.617635497075877,177,,,-2980.95798704173,,,,30,True,,0,,,,,,,0,,,,,,,,,,,,,
Datasets_all/AP_Breast_Prostate.csv,Weka. Logic Boost,,,,,,,,0.617635497075877,244,,,-403.428793492735,,,,40,False,,0,,,,,,,9,,,,1,1,1,1,19.3025498380011,0.975903614457831,0.975903614457831,0.975903614457831,0.975903614457831,0.002651573999174
Datasets_all/AP_Breast_Prostate.csv,Weka. Logic Boost,,,,,,,,0.681820299103483,151,,,-1.79769313486232E+308,,,,40,False,,0,,,,,,,39,,,,1,1,1,1,15.752313121,0.975903614457831,0.975903614457831,0.975903614457831,0.975903614457831,0.002419582000584
Datasets_all/AP_Breast_Prostate.csv,Weka. Logic Boost,,,,,,,,0.437031953799342,288,,,-1.79769313486232E+308,,,,40,True,,0,,,,,,,44,,,,,,,,,,,,,
Datasets_all/AP_Breast_Prostate.csv,Weka. Logic Boost,,,,,,,,0.943748078514624,28,,,-178482300.963187,,,,10,False,,0,,,,,,,44,,,,1,1,1,1,2.56405824899775,0.987951807228916,0.987951807228916,0.987951807228916,0.987951807228916,0.002010207997955
Datasets_all/AP_Breast_Prostate.csv,Weka. Logic Boost,,,,,,,,0.612095722722421,185,,,-9744803446.2489,,,,40,False,,0,,,,,,,3,,,,1,1,1,1,13.120192164999,0.975903614457831,0.975903614457831,0.975903614457831,0.975903614457831,0.002615794997837
Datasets_all/AP_Breast_Prostate.csv,Weka. Logic Boost,,,,,,,,0.617635497075877,183,,,-1.79769313486232E+308,,,,50,False,,0,,,,,,,3,,,,1,1,1,1,8.79424374700102,0.987951807228916,0.987951807228916,0.987951807228916,0.987951807228916,0.003580584998417
Datasets_all/AP_Breast_Prostate.csv,Weka. Logic Boost,,,,,,,,0.568433948868648,28,,,-1202604.28416478,,,,60,True,,0,,,,,,,9,,,,,,,,,,,,,
